NN,CustomerName,OrderNo,DeliveredDate,TotalAmount,Category,Country
1,Roy York,1727113627-1533450768,11/10/2021 16:22,60.9,Home & Kitchen,United Kingdom
2,Ann Holmes,1451482301-1640848388,10/14/2021 09:03,94.38,Office Products,Ghana
3,Abigail Chang,1862872217-1316110332,09/29/2021 07:03,73.26,Garden & Outdoor,Mauritius
4,Christina Robinson,1645330686-1479483224,10/08/2021 04:52,55.8,Home & Business Services,Haiti
5,Jean Finley,1970415574-1013268841,10/19/2021 02:51,65.3,Arts, Crafts & Sewing,Marshall Islands
6,Jose Mcdaniel,1705206796-1058055272,08/30/2021 01:58,41.1,Health, Household & Baby Care,Liberia
7,Christopher Noble,1818705116-1829410162,10/19/2021 09:23,97.2,Garden & Outdoor,Venezuela
8,Jerry Davis,1060144612-1982933699,09/13/2021 05:29,84.96,CDs & Vinyl,Kenya
9,Richard Carter,1468946111-1438451346,08/18/2021 02:24,58.73,Home & Kitchen,Guinea
10,Nicole Moyer,1505926416-1055383740,11/08/2021 18:20,14.1,Tools & Home Improvement,Saudi Arabia
11,Carolyn Warren,1404073888-1255693116,10/07/2021 20:38,72.23,Arts, Crafts & Sewing,Djibouti
12,Bruce Wise,1379930197-1003485602,08/27/2021 00:33,38.03,Garden & Outdoor,Denmark
13,Denise Moses,1279900336-1314653243,09/01/2021 07:08,0.48,Office Products,Bolivia
14,Abigail Blackburn,1116724322-1850245131,10/16/2021 18:07,21.33,Video Games,Kenya
15,Thomas Nunez,1179204391-1207765326,11/10/2021 11:40,50.24,Books,United Arab Emirates
16,Dennis Morrow,1220799692-1846079272,09/02/2021 21:07,8.95,Tools & Home Improvement,Guatemala
17,Philip Riley,1818208817-1519868100,08/17/2021 02:56,52.97,Musical Instruments,Jamaica
18,Emma Hall,1337195886-1678322919,08/16/2021 00:09,7.22,Baby,Ethiopia
19,Dennis Cordova,1764265768-1310094440,09/14/2021 06:50,27.07,Arts, Crafts & Sewing,Jordan
20,Kevin Rubio,1723075445-1826899144,09/24/2021 23:56,65.93,Grocery & Gourmet Food,Sweden
21,Peter Yu,1806972396-1196439158,11/09/2021 15:03,54.25,Home & Business Services,Switzerland
22,Grace Austin,1844477587-1728548181,10/04/2021 05:24,50.81,Musical Instruments,Thailand
23,Jean Rich,1423555399-1023079010,10/23/2021 20:30,51.03,Industrial & Scientific,Sri Lanka
24,Gary Chandler,1778315098-1587878499,08/20/2021 14:26,56.78,Sports & Outdoors,Egypt
25,Jerry Callahan,1353989205-1853503031,08/11/2021 15:02,99.45,Industrial & Scientific,Panama
26,Joe Burke,1775822038-1597853193,09/30/2021 11:37,78.39,Garden & Outdoor,Nauru
27,Diana Daniel,1385595224-1513155986,08/20/2021 01:57,25.66,Sports & Outdoors,Liechtenstein
28,Frances Mcguire,1260646235-1202330220,09/28/2021 00:34,57,Pet Supplies,Bhutan
29,Matthew Wade,1117663943-1911442199,09/22/2021 18:35,18.05,Pet Supplies,Moldova
30,Brian Giles,1607267400-1852049986,10/17/2021 19:46,84.08,Office Products,Sudan
31,Brittany Escobar,1145593780-1872601579,09/16/2021 18:42,57.35,Grocery & Gourmet Food,Samoa
32,Kenneth Mccann,1723314629-1642333569,09/02/2021 17:41,47.42,Baby,Syria
33,Brittany Mcdonald,1144297943-1000106975,11/11/2021 17:34,40.86,CDs & Vinyl,Tuvalu
34,Abigail Stein,1604701999-1541565326,09/25/2021 15:38,24.51,Industrial & Scientific,North Korea
35,Walter Mcintyre,1075810146-1129529336,10/15/2021 22:56,96.49,Sports & Outdoors,Tunisia
36,Kenneth Parsons,1872440533-1822771200,09/20/2021 15:27,14.55,Toys & Games,South Africa
37,Cheryl Frost,1670779628-1309298932,08/28/2021 15:48,18.18,Beauty & Personal Care,United Kingdom
38,Ronald Peck,1169615155-1183005536,09/02/2021 11:13,1.48,Sports & Outdoors,Burundi
39,Brenda Goodwin,1304414082-1405583607,09/29/2021 03:17,78.19,Automotive Parts & Accessories,Malawi
40,Isabella Roy,1422358740-1482594939,09/26/2021 01:49,76.65,Beauty & Personal Care,Eswatini (fmr. Swaziland)
41,Noah Mcgee,1835378183-1240805961,11/04/2021 08:25,68.94,Toys & Games,United Arab Emirates
42,Anthony Norton,1460655418-1368889428,10/30/2021 18:25,26.52,Home & Kitchen,Mozambique
43,Cheryl Christensen,1206290873-1490480761,09/18/2021 10:21,68.7,Health, Household & Baby Care,Lesotho
44,Shirley Avila,1678291959-1246702656,11/03/2021 19:23,6.37,Grocery & Gourmet Food,Belize
45,Nathan Keller,1714419513-1445169590,09/14/2021 20:15,5.35,Musical Instruments,Benin
46,Harold Kent,1941969229-1904209673,10/12/2021 16:20,34.49,Grocery & Gourmet Food,Vietnam
47,Laura Mitchell,1024533458-1749912632,09/02/2021 14:09,21.4,Office Products,Vanuatu
48,Dennis Hines,1987734315-1508190550,09/03/2021 13:18,76.11,Electronics,Monaco
49,Kathryn Lim,1371665799-1886921517,09/24/2021 17:55,77.41,Tools & Home Improvement,Norway
50,Abigail Fields,1420447526-1230350517,08/21/2021 19:59,96.45,Books,Grenada
51,Samantha Pitts,1811657811-1854306615,09/05/2021 07:05,43.38,Musical Instruments,Namibia
52,Jonathan Jennings,1475723049-1707253896,08/28/2021 18:28,13.76,Electronics,Vietnam
53,Alexander Huber,1312195493-1954053137,09/27/2021 19:54,75.74,Arts, Crafts & Sewing,Cabo Verde
54,Laura Johnson,1056731318-1176213157,10/27/2021 21:13,51.74,CDs & Vinyl,Slovakia
55,Gary Navarro,1600672120-1555466694,10/24/2021 13:12,71.32,Grocery & Gourmet Food,Poland
56,Juan Bennett,1739775549-1772006730,08/16/2021 22:46,85.76,Health, Household & Baby Care,Tuvalu
57,Sean Lewis,1793365677-1171780091,10/06/2021 06:09,29.95,Electronics,Denmark
58,Patricia Guzman,1980327455-1910331592,11/05/2021 10:31,75.67,CDs & Vinyl,Belgium
59,Carolyn Gibbs,1320474303-1554847026,08/20/2021 13:59,28.47,Garden & Outdoor,Kazakhstan
60,Jose Hood,1160126460-1129106876,10/20/2021 22:09,42.89,Toys & Games,Zimbabwe
61,Jason Spence,1205807975-1283750852,11/01/2021 10:07,82.94,Electronics,Micronesia
62,Kathleen Reilly,1124987518-1843035208,10/27/2021 22:09,23.85,Home & Kitchen,Malta
63,Kyle Quinn,1035366867-1891937946,08/26/2021 14:09,85.12,Industrial & Scientific,Nicaragua
64,Cynthia Villanueva,1618892933-1769013249,10/02/2021 06:49,3.68,Clothing, Shoes & Jewelry,Brazil
65,Jordan Bravo,1630083209-1419288556,09/18/2021 17:12,31.71,Electronics,Denmark
66,Marilyn Bonilla,1130204810-1716481659,08/31/2021 02:32,31.39,Automotive Parts & Accessories,Palau
67,Vincent Richards,1183918800-1116299199,09/07/2021 15:09,35.6,Health, Household & Baby Care,Bhutan
68,Bryan Avalos,1841730528-1470858495,10/09/2021 15:03,61.61,Sports & Outdoors,Tajikistan
69,Ethan Martin,1919992404-1982317387,08/21/2021 01:05,90.24,Electronics,Myanmar (formerly Burma)
70,Alexis Torres,1567041150-1169136460,09/06/2021 15:00,51.38,Musical Instruments,Tuvalu
71,Rachel Harrell,1929743389-1991997754,10/16/2021 17:14,65.93,Garden & Outdoor,Luxembourg
72,Noah Knapp,1003905061-1450240345,10/31/2021 00:53,20.16,Cell Phones & Accessories,Turkey
73,Dennis Sandoval,1361447607-1350529060,10/26/2021 02:45,67.26,CDs & Vinyl,Angola
74,Julie Manning,1894738292-1639412943,10/31/2021 23:24,92.8,Home & Business Services,Liberia
75,Anna Price,1563062870-1169886595,09/14/2021 17:09,11.68,Pet Supplies,Germany
76,Kayla Stephens,1272324223-1488506322,09/01/2021 16:54,57.92,Arts, Crafts & Sewing,Sudan
77,Victoria Bernal,1894198981-1905601003,08/14/2021 15:02,36.45,Office Products,Canada
78,Kyle Bradford,1523079782-1151326185,09/16/2021 22:36,19.16,Garden & Outdoor,Dominican Republic
79,Rachel Paul,1672814334-1575498394,09/10/2021 11:50,40.62,Appliances,Comoros
80,Alice Holland,1152862791-1805821261,09/16/2021 01:38,65.74,Sports & Outdoors,Benin
81,Jack Gilmore,1816946373-1372579903,10/13/2021 00:44,12.1,Arts, Crafts & Sewing,Mauritius
82,Jean Shaw,1856193938-1360425043,10/11/2021 05:34,31.87,Sports & Outdoors,Uruguay
83,Patrick Dunlap,1476059210-1995365271,10/23/2021 18:58,71.72,Automotive Parts & Accessories,Nauru
84,Susan Freeman,1951819963-1009047448,09/13/2021 14:41,30.03,Clothing, Shoes & Jewelry,Singapore
85,Raymond Mendez,1525505060-1724522213,08/17/2021 02:49,79.24,Musical Instruments,Bhutan
86,Juan Carrillo,1423065092-1350339436,11/14/2021 08:59,82.15,Books,Brazil
87,Timothy Davenport,1586855447-1730535294,11/14/2021 23:03,84.71,Cell Phones & Accessories,Namibia
88,Rachel Cross,1093100859-1072887683,10/29/2021 22:58,75.15,Home & Business Services,Colombia
89,Donald Esparza,1277453808-1194954000,10/29/2021 11:41,60.15,Appliances,Finland
90,Rose Hammond,1167387894-1618353715,09/02/2021 09:33,79.49,Garden & Outdoor,Mauritania
91,Katherine Powers,1070027594-1020552535,10/03/2021 19:02,35.02,Cell Phones & Accessories,Iceland
92,Jonathan Mclaughlin,1744904648-1317450215,11/06/2021 09:44,39.19,Electronics,Germany
93,Sarah Dickson,1861986435-1241852007,09/22/2021 05:02,47.47,Industrial & Scientific,Iran
94,Keith Chavez,1042159806-1741153426,10/07/2021 09:49,25.69,Electronics,Fiji
95,Diane Pacheco,1430469570-1548906068,10/05/2021 23:16,84.99,Home & Kitchen,Antigua and Barbuda
96,Jennifer Sosa,1251690445-1723394757,11/03/2021 11:32,82.81,Arts, Crafts & Sewing,Brunei
97,Eugene Myers,1029088926-1088343324,10/10/2021 18:46,0.38,Arts, Crafts & Sewing,Marshall Islands
98,Grace Travis,1636149655-1124541262,08/10/2021 07:06,31.31,Garden & Outdoor,Belarus
99,Andrea Sanchez,1961890469-1671451677,10/14/2021 15:01,31.88,Baby,Chad
100,Carol Higgins,1792696777-1660108432,09/10/2021 02:03,34.21,Video Games,Iran
101,Larry Farrell,1934856196-1515351413,08/29/2021 20:35,12.72,Tools & Home Improvement,Slovakia
102,Ruth Burch,1003155102-1438437352,09/20/2021 23:29,35.77,Home & Kitchen,Cuba
103,Julie Blair,1394524482-1515911412,10/05/2021 01:47,97.6,Musical Instruments,Vanuatu
104,Roy Sparks,1128391573-1173155222,08/29/2021 19:49,44.65,Clothing, Shoes & Jewelry,Nicaragua
105,Alice Vincent,1578692354-1651504345,10/10/2021 03:40,35.43,Office Products,Turkey
106,Joshua Vasquez,1575748181-1768812981,08/15/2021 05:39,41.9,Garden & Outdoor,Niger
107,Andrew Miranda,1679857887-1207655923,08/30/2021 03:58,83,Cell Phones & Accessories,Lithuania
108,Kathleen Randolph,1471179883-1126057977,08/12/2021 17:40,74.3,Toys & Games,Burundi
109,Jeffrey Murphy,1879540170-1334437268,09/10/2021 00:00,35.96,Electronics,Tuvalu
110,Jack Bauer,1352471880-1556761229,10/22/2021 14:49,37.1,Toys & Games,Somalia
111,Kathryn Mayo,1701171752-1257157992,08/28/2021 19:53,44.97,Beauty & Personal Care,Moldova
112,Judith Murray,1278364139-1030313575,10/19/2021 01:26,34.54,Home & Business Services,Oman
113,Jessica Austin,1590813565-1136757073,09/25/2021 00:17,91.44,Toys & Games,Romania
114,Jean Garcia,1875337012-1151856069,08/29/2021 01:50,62.24,Baby,Angola
115,Sarah Galindo,1545845553-1103193031,09/12/2021 21:31,32.22,Sports & Outdoors,Namibia
116,Nathan David,1834756594-1615097204,09/10/2021 23:05,56.44,Toys & Games,Timor-Leste
117,Catherine Banks,1568667567-1807944596,09/19/2021 16:17,12.65,CDs & Vinyl,Ecuador
118,Patrick Duarte,1801677387-1582618883,08/18/2021 19:53,48.76,Tools & Home Improvement,Albania
119,Johnny Magana,1638244597-1099171040,09/08/2021 20:52,26.03,CDs & Vinyl,Kyrgyzstan
120,Bobby Vega,1893550095-1251918015,11/14/2021 10:01,73.79,Appliances,Norway
121,Barbara Mcintyre,1088366511-1468506515,09/23/2021 04:58,25.22,Garden & Outdoor,Ireland
122,Rachel Stuart,1067675152-1841296286,10/14/2021 01:27,46.95,Sports & Outdoors,Libya
123,George Dougherty,1638255314-1973781608,10/14/2021 22:57,54.98,Automotive Parts & Accessories,Maldives
124,Lisa Bartlett,1962508001-1711365434,11/11/2021 23:41,16.98,Automotive Parts & Accessories,Kazakhstan
125,Karen Lara,1537979209-1537975980,08/17/2021 13:28,5.23,Video Games,Uganda
126,Judy Nash,1618417502-1610302593,11/05/2021 04:17,11.46,Appliances,Micronesia
127,Ryan Terrell,1696318317-1932105974,10/18/2021 15:32,35.63,Industrial & Scientific,Mali
128,Lauren Calhoun,1919922583-1738767592,10/12/2021 19:05,10.03,Electronics,Kazakhstan
129,Anthony Byrd,1635724780-1987185999,10/17/2021 09:15,35.22,Books,Bahrain
130,Donna Mcclure,1021355245-1565716775,10/29/2021 11:49,60.59,Arts, Crafts & Sewing,Egypt
131,Aaron Brown,1252593229-1111674002,09/28/2021 11:25,87.96,Office Products,Djibouti
132,Adam Love,1049176554-1818047786,11/15/2021 09:10,70.91,Toys & Games,Palau
133,Stephanie Rice,1762587922-1069274749,11/11/2021 17:38,35.42,Electronics,Chile
134,Karen Avila,1842380752-1061698300,08/20/2021 19:16,52.4,Appliances,Iceland
135,Johnny Howell,1086407027-1209033317,10/06/2021 10:51,20.33,Office Products,United Kingdom
136,Karen Morris,1980062639-1074389927,08/16/2021 05:35,18.34,Health, Household & Baby Care,Malaysia
137,Matthew Bond,1329884825-1948394432,08/18/2021 14:14,98.74,Video Games,Fiji
138,Danielle Padilla,1212742470-1354289808,09/03/2021 09:58,55.35,Toys & Games,Honduras
139,Kathleen Dudley,1805445687-1488697815,10/27/2021 13:39,76.8,Video Games,Cyprus
140,Timothy Roberson,1459378171-1817686988,09/11/2021 08:27,13.8,Tools & Home Improvement,Netherlands
141,Harold Camacho,1261053324-1256174279,09/02/2021 19:45,62.58,Tools & Home Improvement,Czechia (Czech Republic)
142,Roger Mclean,1529850692-1093146091,11/08/2021 03:34,84.12,Industrial & Scientific,Turkmenistan
143,Heather Bean,1853383001-1337960055,11/11/2021 20:09,39.51,Appliances,Bangladesh
144,Pamela Yoder,1234711575-1161441923,09/04/2021 03:07,54.93,Appliances,United States of America
145,Ruth Hines,1434248857-1333692904,10/05/2021 04:58,36.62,Pet Supplies,Serbia
146,Carolyn Wang,1387402531-1393826271,08/11/2021 08:41,92.31,Pet Supplies,Saudi Arabia
147,Samuel Parker,1935958626-1736452462,10/18/2021 07:23,36.84,Grocery & Gourmet Food,Turkey
148,Sean Hobbs,1096806110-1289015370,10/19/2021 19:26,51.97,Cell Phones & Accessories,United Arab Emirates
149,Julia Mcclure,1660545457-1407961839,08/13/2021 19:30,84.09,Video Games,Mauritania
150,Larry Olsen,1341253930-1688947927,09/12/2021 19:13,69.78,Books,Armenia
151,Thomas Hudson,1006641176-1017769808,08/21/2021 19:23,9.84,Pet Supplies,Romania
152,George Franklin,1014562516-1477902538,10/01/2021 06:48,52.8,Baby,Sudan
153,Kelly Trevino,1185946744-1794494310,09/05/2021 03:28,40.79,Pet Supplies,Sri Lanka
154,Sharon Barrera,1478220314-1695344026,11/05/2021 16:31,64.28,Home & Business Services,Uganda
155,Karen Valdez,1723484440-1931565794,11/13/2021 09:02,86.33,Electronics,Laos
156,Alexander Daniel,1909331537-1479591420,09/20/2021 18:31,21.22,Office Products,Gambia
157,Peter Ingram,1458828541-1568040101,10/09/2021 22:41,31.92,Health, Household & Baby Care,Equatorial Guinea
158,Lawrence Poole,1982632703-1544994003,09/26/2021 08:56,25.44,Musical Instruments,Nauru
159,Virginia Houston,1183474996-1244420155,11/08/2021 00:02,99.86,Sports & Outdoors,Rwanda
160,Ronald Lambert,1351015445-1061745584,11/01/2021 19:03,15.55,Toys & Games,Greece
161,Lisa Mclaughlin,1489197522-1621079733,09/07/2021 16:44,36.44,Arts, Crafts & Sewing,Peru
162,Brittany Daniel,1449554427-1700465160,11/03/2021 03:58,21.44,Pet Supplies,Eswatini (fmr. Swaziland)
163,Louis Sellers,1192038283-1045981174,10/19/2021 03:48,92.08,Video Games,Holy See
164,Billy Vance,1694631392-1326417809,08/24/2021 21:49,56.24,Clothing, Shoes & Jewelry,Vanuatu
165,Nancy Chapman,1031599429-1731206781,09/10/2021 11:11,65.05,Tools & Home Improvement,Norway
166,Marilyn David,1670681598-1746006426,08/22/2021 03:33,44.32,Automotive Parts & Accessories,Sierra Leone
167,Noah Beck,1961828846-1230613745,10/23/2021 20:28,12.32,Video Games,Ireland
168,Kathryn Ingram,1661986884-1249363183,09/17/2021 15:43,46.08,Health, Household & Baby Care,Malawi
169,Arthur Obrien,1989493615-1620829080,11/12/2021 03:46,94.86,Office Products,Nauru
170,Randy Potter,1227017896-1224531045,09/11/2021 17:22,80.1,Clothing, Shoes & Jewelry,Slovakia
171,Philip Brown,1784461334-1447813487,09/10/2021 08:55,42.13,Cell Phones & Accessories,San Marino
172,Jacob Mcpherson,1077137743-1077996833,08/22/2021 13:38,34.1,Home & Kitchen,Azerbaijan
173,Larry Mayer,1665302138-1409464737,10/12/2021 05:46,43.75,Sports & Outdoors,Niger
174,Donna Durham,1967411715-1362584645,08/25/2021 19:14,54.17,Industrial & Scientific,Malta
175,Theresa Gould,1796662746-1493044043,10/05/2021 10:20,14.91,Tools & Home Improvement,Tajikistan
176,Lawrence Ho,1620336594-1614223639,09/14/2021 17:58,37.5,Sports & Outdoors,Guinea-Bissau
177,Joshua Pham,1826667135-1360129871,09/01/2021 00:58,71.45,Garden & Outdoor,Paraguay
178,Tyler Washington,1392026884-1289835582,09/12/2021 00:13,17.23,Clothing, Shoes & Jewelry,Tanzania
179,Charlotte Li,1066184237-1903987167,10/05/2021 16:09,35.32,Video Games,Cabo Verde
180,Carolyn Torres,1445130655-1579174138,11/13/2021 01:00,43.65,Video Games,Kiribati
181,Carolyn Parra,1894730784-1226302603,09/22/2021 00:06,33.05,Books,Andorra
182,Marie Medina,1391971484-1823976895,08/28/2021 19:26,92.26,CDs & Vinyl,Tuvalu
183,Danielle Quintana,1980233713-1218234806,09/23/2021 20:37,81.28,Baby,Romania
184,Aaron Castro,1442181158-1040188352,10/18/2021 23:48,83.98,Office Products,Iraq
185,Carl Hayden,1397178431-1601421320,11/06/2021 21:00,62.11,Home & Business Services,Morocco
186,Olivia Bates,1494016943-1807963366,10/09/2021 07:01,67.65,Home & Business Services,Bulgaria
187,Pamela Case,1072609801-1818624942,09/07/2021 23:35,35.18,Electronics,Cambodia
188,Sarah Valdez,1577487653-1012807080,11/10/2021 13:44,37.88,Office Products,Seychelles
189,Edward Mcmillan,1032048109-1933555024,10/22/2021 04:09,63.42,Pet Supplies,Solomon Islands
190,Kathleen Lee,1151296010-1461084785,08/19/2021 19:33,57.85,Appliances,Monaco
191,Judy Shah,1077270853-1537789264,08/21/2021 09:31,48.12,Industrial & Scientific,Poland
192,Diane Swanson,1556025703-1829340326,10/20/2021 06:56,13.91,CDs & Vinyl,North Macedonia
193,Margaret Dawson,1697073802-1523242733,09/04/2021 15:26,11.64,Video Games,Sudan
194,Ronald Frazier,1468116299-1548169410,09/10/2021 15:20,49.43,Office Products,Saint Vincent and the Grenadines
195,Matthew Simpson,1876457369-1230843927,11/06/2021 17:02,32.2,Arts, Crafts & Sewing,Japan
196,Justin Phelps,1010452575-1531629306,08/12/2021 05:03,55.4,Video Games,Honduras
197,Judith Williams,1351389212-1423377940,08/10/2021 08:52,0.79,Office Products,Japan
198,Nicholas Zimmerman,1078757921-1410350572,09/15/2021 08:06,46.62,Appliances,Netherlands
199,Logan Bentley,1929948735-1473527735,09/03/2021 10:19,93.64,Garden & Outdoor,Gambia
200,Kimberly Beck,1679972222-1058082514,09/07/2021 04:58,45.31,Home & Business Services,China
201,Jerry Cano,1159988144-1807873041,10/29/2021 13:45,60.01,Automotive Parts & Accessories,Andorra
202,Judy Browning,1127818085-1953267700,11/01/2021 09:34,87.78,Sports & Outdoors,Marshall Islands
203,Brenda Cano,1425334403-1834085875,09/28/2021 05:07,2.07,Cell Phones & Accessories,Dominican Republic
204,Samantha Fowler,1220772044-1495491961,10/28/2021 16:54,12.21,Electronics,Madagascar
205,Walter Barr,1025292777-1785927248,08/12/2021 05:00,72.67,Arts, Crafts & Sewing,Côte d'Ivoire
206,Abigail Flowers,1772305563-1314471502,09/26/2021 02:29,32.59,Grocery & Gourmet Food,Costa Rica
207,Ethan Avery,1897519058-1612766948,09/05/2021 16:44,63.23,Home & Kitchen,Estonia
208,Julie Bates,1576691192-1900164988,10/29/2021 05:50,63.94,Books,Honduras
209,Kathryn Hicks,1117771888-1123962734,09/28/2021 15:19,90.63,Tools & Home Improvement,Cyprus
210,Charlotte Jacobson,1813087696-1424018363,09/01/2021 01:49,41.25,Tools & Home Improvement,South Korea
211,Mark Moreno,1960884725-1578607673,09/16/2021 02:26,87.21,Home & Kitchen,Italy
212,Timothy Ortega,1456130948-1139675361,09/12/2021 17:54,77.35,Industrial & Scientific,United Kingdom
213,Ronald Randolph,1648077888-1999517194,11/08/2021 08:30,15.27,Health, Household & Baby Care,Israel
214,Timothy Keith,1567232917-1746179291,10/30/2021 17:48,53.92,Home & Kitchen,Slovenia
215,Jennifer Evans,1773737216-1745740586,09/20/2021 05:41,67.34,Tools & Home Improvement,Tajikistan
216,Olivia Novak,1282853463-1232913082,11/12/2021 22:17,96.13,Beauty & Personal Care,Laos
217,Philip Franco,1740400255-1415087088,10/26/2021 03:41,70.99,Garden & Outdoor,Latvia
218,Natalie Hickman,1259913528-1077311019,09/18/2021 07:25,90.23,Baby,Netherlands
219,Logan Stein,1371512700-1152393392,10/05/2021 23:32,33.43,Arts, Crafts & Sewing,Togo
220,Christine Houston,1044787023-1036678250,10/27/2021 18:55,35.87,Home & Kitchen,Fiji
221,Susan Ryan,1702828795-1944009855,10/01/2021 20:51,20.56,Home & Business Services,Oman
222,Sharon Frost,1534140568-1698801439,09/04/2021 13:57,58.8,CDs & Vinyl,Tajikistan
223,Kayla Hensley,1997180891-1378661481,08/27/2021 06:29,22.33,Garden & Outdoor,Austria
224,Jean Frederick,1371587500-1234341992,08/19/2021 10:52,42.75,Electronics,Eswatini (fmr. Swaziland)
225,Emma Cortes,1697834632-1891147294,09/11/2021 08:18,34.6,Toys & Games,Georgia
226,Jeremy Sandoval,1363481657-1863612989,10/12/2021 16:24,32.42,Automotive Parts & Accessories,Marshall Islands
227,Timothy Pena,1321371283-1803904848,09/02/2021 21:34,29.98,Electronics,Zambia
228,Evelyn Atkinson,1888104396-1245097364,10/14/2021 00:43,10.61,Arts, Crafts & Sewing,Palau
229,Christine Acevedo,1908980111-1652153375,10/29/2021 23:09,50.8,Office Products,Denmark
230,Alice Torres,1295443134-1473413328,09/11/2021 05:03,89.39,Cell Phones & Accessories,Switzerland
231,Jeffrey Clark,1538282882-1677511271,09/30/2021 13:24,11.84,Pet Supplies,Kyrgyzstan
232,Barbara Morse,1609571963-1467139162,08/31/2021 16:59,66.92,Appliances,Mexico
233,Stephanie Johnston,1410689931-1771223098,10/24/2021 15:41,41.47,Musical Instruments,Zimbabwe
234,Kimberly Odom,1962722909-1687721439,11/13/2021 13:22,23.15,Appliances,Kiribati
235,Justin Hawkins,1979393719-1065315719,09/23/2021 16:48,82.83,Garden & Outdoor,Slovakia
236,Katherine Sellers,1266230815-1919269617,10/15/2021 22:00,76.7,Tools & Home Improvement,Ghana
237,Ralph Briggs,1536433606-1533139126,10/17/2021 10:28,92.18,Video Games,Dominica
238,Wayne Davila,1483230863-1427897358,10/10/2021 16:02,34.54,Clothing, Shoes & Jewelry,Sudan
239,Jack Warner,1708478730-1768790936,09/04/2021 07:52,4.35,Pet Supplies,Mauritania
240,Lawrence Page,1776703658-1614568857,09/16/2021 21:47,44.63,CDs & Vinyl,Tuvalu
241,Diane Maxwell,1385638793-1931384422,09/11/2021 02:13,83.83,Tools & Home Improvement,Greece
242,Lisa Blair,1529720402-1080369109,08/15/2021 11:32,76.76,Pet Supplies,Philippines
243,Christina Hayes,1550992824-1060029237,08/25/2021 06:59,86.86,Garden & Outdoor,Mauritius
244,Megan English,1587250906-1747958088,11/04/2021 05:53,77.71,Pet Supplies,Micronesia
245,Kevin Powers,1486316141-1955206371,09/01/2021 06:40,69.63,Toys & Games,Guatemala
246,Anna Shah,1652500570-1631909391,09/13/2021 20:17,32.56,Electronics,Liechtenstein
247,Andrew Newton,1018360510-1809717423,08/30/2021 10:56,78.17,Toys & Games,Vietnam
248,Sophia Abbott,1660679170-1458360346,08/29/2021 00:59,59.58,Garden & Outdoor,Samoa
249,Walter Cameron,1192294531-1247702637,09/10/2021 09:09,95.53,Grocery & Gourmet Food,Holy See
250,Brian Burgess,1684389858-1664873540,11/16/2021 04:44,67.66,Appliances,Spain
251,Eric Kaur,1744936368-1031702077,09/07/2021 04:14,19.42,Health, Household & Baby Care,Nauru
252,Hannah Castro,1025593017-1479321491,09/14/2021 14:17,77.06,Pet Supplies,Colombia
253,Jason Mathews,1670545741-1508380811,11/03/2021 11:59,99.58,Health, Household & Baby Care,Canada
254,Ralph Webster,1427383145-1589666872,09/26/2021 07:26,16.06,Clothing, Shoes & Jewelry,India
255,Sarah Holt,1121058677-1973585640,08/25/2021 04:15,20.51,Beauty & Personal Care,Qatar
256,Thomas Edwards,1538305417-1505727025,09/18/2021 14:07,23.66,Baby,Mexico
257,Madison Melton,1742543595-1381514506,08/11/2021 07:18,43.59,Tools & Home Improvement,Sri Lanka
258,Brittany Khan,1230155749-1781241956,10/09/2021 03:01,69.69,Toys & Games,New Zealand
259,Anna Bravo,1955159000-1394435943,08/18/2021 22:13,92.16,Industrial & Scientific,Syria
260,Robert Flowers,1268707783-1853396655,11/05/2021 02:05,73.95,Tools & Home Improvement,India
261,Kayla Cameron,1237432837-1614170647,09/02/2021 14:44,75.7,Baby,Honduras
262,Edward Salazar,1558393997-1064013713,09/29/2021 03:11,34.81,Home & Business Services,Dominican Republic
263,Louis Warner,1427405544-1389388060,10/29/2021 14:42,37.68,Sports & Outdoors,Spain
264,Shirley Stuart,1697063483-1064183701,10/18/2021 17:26,34.1,Cell Phones & Accessories,Finland
265,Kathleen Proctor,1798520904-1830258308,09/07/2021 13:14,20.47,Beauty & Personal Care,Bhutan
266,Arthur Mccullough,1257374379-1625638693,10/21/2021 19:07,84.8,Baby,New Zealand
267,Juan Morse,1095733037-1172391195,09/01/2021 22:31,49.42,Baby,United States of America
268,Olivia Cisneros,1695319914-1505406543,11/06/2021 07:01,59.71,Musical Instruments,Marshall Islands
269,Emma Meyer,1009754593-1906394099,10/05/2021 18:01,7.15,Electronics,Cambodia
270,Evelyn Flowers,1905109131-1829117014,10/06/2021 05:03,62.61,Garden & Outdoor,Serbia
271,Mark Simmons,1422123260-1697870073,11/13/2021 13:08,75.19,Office Products,Grenada
272,Linda Archer,1150665517-1253166071,09/03/2021 02:08,18.94,Automotive Parts & Accessories,Guinea
273,Virginia Hester,1686014362-1203693684,08/27/2021 14:25,86.62,Baby,Lebanon
274,Paul Hendricks,1526043057-1583953468,09/02/2021 19:20,31.19,Tools & Home Improvement,Ireland
275,Jean Rivas,1554967975-1809010409,08/16/2021 00:26,65.19,Garden & Outdoor,Fiji
276,Steven Wilson,1865712422-1095390043,09/18/2021 14:25,21.85,Sports & Outdoors,Solomon Islands
277,Alice Brooks,1662877440-1714755017,09/03/2021 06:14,56.67,Toys & Games,Barbados
278,Jennifer Hernandez,1307637715-1335124158,11/03/2021 06:09,87.7,Automotive Parts & Accessories,Nicaragua
279,Douglas Juarez,1781920124-1075781047,10/03/2021 01:31,43.07,Toys & Games,Zimbabwe
280,Kayla Blankenship,1421941189-1800564804,11/07/2021 18:26,84.02,Electronics,Luxembourg
281,Matthew Cline,1141454649-1073354316,10/12/2021 19:33,53.06,Automotive Parts & Accessories,Bangladesh
282,Diana Vaughn,1936388609-1584321463,08/31/2021 04:46,58.71,Home & Kitchen,Senegal
283,Henry Joseph,1567882635-1723728234,08/15/2021 08:51,50.71,Automotive Parts & Accessories,Indonesia
284,Jerry Hail,1815831630-1598400995,09/14/2021 06:13,70.85,Video Games,Belize
285,Carolyn Wilkerson,1467885361-1643693656,09/02/2021 05:29,83.76,CDs & Vinyl,Angola
286,David Blackwell,1567521023-1748565804,08/09/2021 05:34,41.77,Office Products,Austria
287,Jason Payne,1281056647-1599091652,08/31/2021 14:07,33.8,Appliances,Afghanistan
288,Theresa Hogan,1856934925-1554310712,10/08/2021 20:08,92.41,Appliances,Monaco
289,Diana Hodge,1480109534-1508602519,08/19/2021 23:33,6.73,Video Games,Holy See
290,Michelle Lyons,1571150509-1535344193,10/26/2021 14:20,86.88,Musical Instruments,Jamaica
291,Jean Glass,1889475000-1491587521,10/22/2021 15:52,1.33,Toys & Games,Djibouti
292,Austin Leonard,1453990898-1494553333,09/15/2021 08:33,77.24,Toys & Games,Moldova
293,Christine Carroll,1738713083-1579206379,08/29/2021 11:03,32.16,Cell Phones & Accessories,Togo
294,Carl Wu,1041078784-1141573189,10/16/2021 04:35,98.85,CDs & Vinyl,Bahrain
295,Aaron Whitney,1704553126-1261750597,11/13/2021 08:06,7.66,Sports & Outdoors,Lithuania
296,Judy Ramos,1156656893-1668739424,10/07/2021 02:34,31.03,Cell Phones & Accessories,Vanuatu
297,Nicole Payne,1667614616-1902207766,10/06/2021 05:32,31.24,Home & Business Services,Switzerland
298,Stephen Schultz,1513699744-1718243722,08/22/2021 15:52,47.7,Pet Supplies,Malaysia
299,Sarah Roy,1410760356-1270150944,11/10/2021 14:10,37.24,Electronics,Uganda
300,Janet Magana,1295511557-1064131136,11/05/2021 00:14,80.23,Grocery & Gourmet Food,Chad
301,Jacqueline Knox,1897909508-1614108783,10/04/2021 15:37,43.84,Pet Supplies,Oman
302,Evelyn Parsons,1767083569-1053994372,11/03/2021 14:36,39.75,Tools & Home Improvement,Antigua and Barbuda
303,Frances Mack,1576592503-1291003371,09/30/2021 01:50,44.96,Sports & Outdoors,Cameroon
304,Dorothy Warner,1632987620-1774553074,11/15/2021 03:01,79.66,Electronics,Iceland
305,Jacqueline Garza,1563162695-1238285831,09/11/2021 17:39,24.15,Appliances,Kyrgyzstan
306,Danielle Hunt,1956590063-1376547138,10/06/2021 01:58,60.69,Home & Kitchen,Jordan
307,Jeffrey Vo,1833509707-1434607967,10/04/2021 16:40,99.25,Pet Supplies,Albania
308,Joseph Keith,1556408143-1660581591,08/10/2021 15:28,33.83,Home & Business Services,Norway
309,Sharon Boyer,1506701005-1436204303,10/12/2021 21:38,25.65,Electronics,Zimbabwe
310,Austin Shepherd,1655270312-1881657129,09/22/2021 00:26,12.86,Toys & Games,Jamaica
311,Evelyn Buck,1203136932-1225516318,10/21/2021 03:11,29.6,Cell Phones & Accessories,Ireland
312,Billy Mueller,1969667496-1465812145,08/18/2021 21:34,39.73,Garden & Outdoor,Saint Vincent and the Grenadines
313,Paul Gentry,1628090817-1482348439,10/07/2021 02:03,67.47,Cell Phones & Accessories,Burkina Faso
314,Kevin Wise,1529942723-1825477035,10/19/2021 21:17,28.12,Tools & Home Improvement,Laos
315,Jonathan Dickson,1852673524-1842387260,09/07/2021 23:36,18.95,Musical Instruments,Burundi
316,Charlotte Lugo,1042574987-1002932110,10/07/2021 05:17,72.08,Books,Denmark
317,Megan Blankenship,1186583954-1919502475,10/20/2021 03:50,14.42,Sports & Outdoors,Croatia
318,Scott Jacobs,1223161385-1100889970,11/10/2021 05:47,78.57,Garden & Outdoor,Cuba
319,Kelly Benjamin,1692364008-1196539119,09/28/2021 11:38,52.7,Home & Kitchen,Solomon Islands
320,Gabriel Miller,1461962362-1387626521,09/14/2021 23:07,93.31,Garden & Outdoor,Barbados
321,Sandra Douglas,1995904773-1726206907,11/09/2021 19:03,94.16,Toys & Games,Gabon
322,Beverly Castro,1935546524-1969437327,08/30/2021 23:33,99,Books,Afghanistan
323,Gabriel Singh,1723798288-1187197440,10/06/2021 18:19,83.55,Books,Paraguay
324,Russell Stokes,1214255627-1474958601,09/25/2021 19:15,96.61,Toys & Games,Guatemala
325,Ronald Rosario,1591739598-1282666146,11/13/2021 16:55,49.25,Books,Lesotho
326,Melissa Hughes,1508848199-1311979194,10/11/2021 21:28,80.87,Home & Kitchen,Uruguay
327,Keith Day,1469478070-1393412372,08/25/2021 21:17,46.06,Home & Kitchen,Chile
328,Ralph Ramos,1860727456-1699981924,10/21/2021 01:57,44.11,Musical Instruments,Marshall Islands
329,Nicholas Patrick,1220311641-1382257133,09/24/2021 03:14,90.22,Pet Supplies,Egypt
330,Edward Landry,1641987698-1835939768,09/06/2021 18:02,19.84,Health, Household & Baby Care,Algeria
331,Randy Daniel,1040969271-1539695990,10/10/2021 01:57,80.88,Electronics,Pakistan
332,Charles Landry,1646697083-1773030616,09/11/2021 18:07,8.73,Baby,Cabo Verde
333,Ann Zhang,1338616829-1567982683,08/10/2021 19:10,2.48,Grocery & Gourmet Food,Tanzania
334,Alexis Goodman,1981567137-1766428829,09/28/2021 13:50,68.06,Office Products,Tonga
335,Robert Chavez,1854776479-1238437214,10/11/2021 14:42,86.89,Tools & Home Improvement,Argentina
336,Larry Maddox,1340575322-1988399628,09/17/2021 07:44,47.3,Garden & Outdoor,Tuvalu
337,Margaret Cisneros,1818670366-1597063967,10/03/2021 21:53,88.02,Baby,Belarus
338,Douglas Parrish,1077949173-1774842430,10/24/2021 19:02,10.02,Baby,Eritrea
339,Gregory Lee,1844654402-1031206040,09/18/2021 00:30,99.31,Toys & Games,Australia
340,Gary Navarro,1113010664-1340189401,09/23/2021 08:51,25.77,Pet Supplies,Saint Lucia
341,Evelyn Huerta,1585154781-1486212849,10/03/2021 22:13,56.57,Arts, Crafts & Sewing,Lebanon
342,Julie Valentine,1260123857-1546642506,10/14/2021 00:50,78.74,Clothing, Shoes & Jewelry,Denmark
343,James Lugo,1722529861-1969772640,11/09/2021 18:54,73.77,Electronics,Chad
344,Patrick Carter,1294186812-1478667778,10/22/2021 16:37,35.85,Baby,Sao Tome and Principe
345,Dorothy White,1225959150-1302090423,10/30/2021 03:35,56.64,Automotive Parts & Accessories,Afghanistan
346,Robert Nelson,1257675873-1893494636,09/08/2021 22:18,61.54,CDs & Vinyl,Italy
347,Willie Wyatt,1332508419-1718817222,10/16/2021 03:08,78.14,Cell Phones & Accessories,Botswana
348,Ethan Hammond,1187241488-1976399020,10/23/2021 10:07,42.04,Home & Kitchen,Syria
349,Lauren Callahan,1729114071-1190395630,11/06/2021 09:33,40.07,Beauty & Personal Care,Mozambique
350,Lauren Velez,1941331340-1947443401,09/15/2021 23:24,50.71,Health, Household & Baby Care,Spain
351,Charlotte Hendricks,1260300166-1528544563,11/16/2021 10:49,28.13,Office Products,Philippines
352,Cynthia Bradford,1816375841-1735936740,10/10/2021 17:41,14.21,Pet Supplies,Greece
353,Amanda Bradley,1983011054-1668308390,10/08/2021 07:08,23.98,Garden & Outdoor,Mali
354,Sean Ponce,1436132665-1997280458,10/23/2021 22:43,20.06,Sports & Outdoors,Jordan
355,Justin Adams,1752943511-1170974556,08/09/2021 19:02,20.54,Home & Business Services,Democratic Republic of the Congo
356,Kimberly Buck,1896435278-1776673618,08/13/2021 15:21,59.2,Clothing, Shoes & Jewelry,Malawi
357,Jason Hendricks,1922134023-1953320608,10/23/2021 07:10,81.91,Clothing, Shoes & Jewelry,Afghanistan
358,Johnny Marin,1953104501-1568798620,10/13/2021 21:17,81.2,Office Products,China
359,Brenda Gates,1656609395-1547627943,09/24/2021 16:31,65.94,Clothing, Shoes & Jewelry,Qatar
360,Charles Ayala,1064249752-1387096971,08/17/2021 16:45,79.96,Garden & Outdoor,Saint Kitts and Nevis
361,Amber Mckee,1705403989-1799235745,10/12/2021 13:30,32.77,Garden & Outdoor,Costa Rica
362,Juan Ayala,1910241976-1488844483,09/15/2021 02:43,37.45,Health, Household & Baby Care,Tunisia
363,Gabriel Robles,1771047217-1167262179,08/15/2021 19:56,56.6,Automotive Parts & Accessories,Dominica
364,Shirley Sherman,1884491614-1901920244,08/27/2021 14:02,85.73,Beauty & Personal Care,Yemen
365,Benjamin Cain,1220740419-1716039324,10/25/2021 14:14,57.54,Beauty & Personal Care,Cuba
366,Diane Buchanan,1375732639-1541557299,11/03/2021 22:38,53.81,Baby,Ukraine
367,Sara Galvan,1667290195-1969767550,11/14/2021 10:02,0.84,Garden & Outdoor,Albania
368,Anna Foley,1172991674-1873706930,11/06/2021 02:02,5.51,Sports & Outdoors,Lebanon
369,Theresa Reyna,1806935481-1157998097,08/14/2021 03:27,34.3,Home & Business Services,Malta
370,Olivia Ray,1987000991-1572454033,09/08/2021 05:31,25.1,Baby,Lebanon
371,Pamela Sanders,1896280654-1098439266,11/05/2021 11:18,50.2,CDs & Vinyl,South Africa
372,Juan Dillon,1589456499-1883424021,09/02/2021 04:52,50.93,Baby,Honduras
373,David Mathews,1227538702-1459625066,11/03/2021 15:34,60.05,Appliances,Palestine State
374,Larry Herman,1366890026-1854816768,11/09/2021 10:25,70.85,Home & Business Services,Saudi Arabia
375,Joseph Blevins,1903416709-1097938114,09/12/2021 08:11,10.36,Video Games,Bosnia and Herzegovina
376,Cheryl Lara,1225217331-1025653795,09/19/2021 06:28,43.67,Electronics,Australia
377,Brittany Andrews,1320756042-1613939132,08/28/2021 18:03,73.46,Baby,Canada
378,Evelyn Brennan,1469486658-1119991387,11/10/2021 02:17,12.96,Automotive Parts & Accessories,Lesotho
379,Joan Lu,1778197018-1800482795,09/02/2021 16:31,34.13,Home & Kitchen,India
380,Henry Michael,1738744622-1821962211,10/11/2021 02:17,28.95,Office Products,Croatia
381,Walter Rush,1293870929-1121389701,09/05/2021 22:30,10.53,Clothing, Shoes & Jewelry,Cameroon
382,Diana Rice,1633104414-1992569889,10/26/2021 08:41,52.03,Office Products,Laos
383,Teresa Sanford,1462693767-1963469234,10/22/2021 01:19,64.75,Tools & Home Improvement,Pakistan
384,Heather Bradford,1829324929-1935081144,08/24/2021 16:57,65.68,Video Games,Liberia
385,Steven Mason,1378227435-1088388009,10/06/2021 13:29,74.62,Beauty & Personal Care,Jordan
386,Amanda Johnston,1425206889-1343977912,09/14/2021 01:22,33.04,Electronics,El Salvador
387,Kathryn Espinoza,1352441055-1335082190,09/19/2021 14:26,69.8,Garden & Outdoor,Turkmenistan
388,Jacob Haynes,1438741950-1698457299,09/08/2021 17:46,37.43,Home & Kitchen,Romania
389,Betty Burton,1037405812-1528022802,09/19/2021 05:00,48.53,Garden & Outdoor,Albania
390,Walter Wolfe,1789451817-1811255736,10/14/2021 04:58,4.32,Clothing, Shoes & Jewelry,Sao Tome and Principe
391,Jennifer Adkins,1592829691-1244564662,10/29/2021 04:14,72.67,Toys & Games,Tajikistan
392,Kathleen Randolph,1768020858-1587592832,10/06/2021 17:11,82.44,Clothing, Shoes & Jewelry,Gambia
393,Heather Estrada,1394412754-1779764167,10/26/2021 05:08,62.75,Home & Business Services,Cambodia
394,Austin Walters,1861091694-1113585654,08/13/2021 13:39,79.28,Musical Instruments,Dominica
395,Gerald Montgomery,1830633223-1463760768,10/26/2021 17:03,20.19,Appliances,Greece
396,Bruce Orozco,1288174923-1275768531,09/21/2021 08:35,81.3,Office Products,El Salvador
397,David Haley,1363560975-1305676658,11/01/2021 14:36,65.44,Sports & Outdoors,Congo (Congo-Brazzaville)
398,Sharon Blair,1480955437-1492576847,09/03/2021 23:44,93.06,Cell Phones & Accessories,Benin
399,Ashley Reeves,1217885116-1851329015,08/19/2021 02:07,58.53,Beauty & Personal Care,Rwanda
400,Karen Whitehead,1764557134-1427264313,08/20/2021 05:06,52.5,Appliances,Mozambique
401,Keith Wang,1563077535-1994535633,11/06/2021 03:17,79.56,Sports & Outdoors,Guatemala
402,Sarah Lee,1235323701-1638566170,09/11/2021 21:05,51.22,Garden & Outdoor,Mauritania
403,Bruce Berg,1104999818-1862948115,08/16/2021 17:44,5.37,Books,Syria
404,Carol Rosales,1608057545-1296337804,11/13/2021 14:53,22.34,Video Games,Singapore
405,Maria Ballard,1041185397-1529031316,08/14/2021 14:42,12.6,Pet Supplies,Canada
406,Victoria Santiago,1117490881-1611592323,10/15/2021 00:49,70.01,Toys & Games,Kuwait
407,Donald Walsh,1188340831-1113894338,10/02/2021 11:08,93.89,Home & Kitchen,Russia
408,Amanda Vance,1763659386-1863521190,11/09/2021 17:14,57.6,Office Products,Samoa
409,Marilyn Alfaro,1278083583-1360225974,11/05/2021 09:23,99.64,Office Products,Costa Rica
410,Natalie Marsh,1144909132-1453678888,09/24/2021 15:06,92.72,Automotive Parts & Accessories,Laos
411,Donald Moses,1512198663-1039107942,08/29/2021 23:22,25.4,Books,Italy
412,Sarah Sparks,1767376601-1104348237,08/22/2021 17:37,82.81,Automotive Parts & Accessories,Oman
413,Kayla Moran,1966199060-1077666744,11/09/2021 13:27,31,Sports & Outdoors,United Kingdom
414,Gerald Hunter,1500932790-1045812110,08/10/2021 11:23,23.9,Grocery & Gourmet Food,Trinidad and Tobago
415,Ashley Hess,1453274577-1439921714,08/20/2021 11:22,4.06,Cell Phones & Accessories,Jamaica
416,Dorothy Baxter,1928795126-1722342792,09/25/2021 11:36,43.45,Office Products,Cabo Verde
417,Natalie Stout,1912129054-1383516755,09/04/2021 18:54,72.15,CDs & Vinyl,Iceland
418,Edward Hickman,1252339822-1434749715,08/12/2021 14:34,52.63,Health, Household & Baby Care,Cuba
419,Brandon Murphy,1709249240-1636412446,09/06/2021 20:06,77.86,Beauty & Personal Care,Moldova
420,Linda Booker,1265594856-1778325840,09/14/2021 11:33,6.98,Baby,Ecuador
421,Debra Ford,1917211059-1762798872,09/19/2021 06:10,49.4,Garden & Outdoor,Yemen
422,Julie Wilcox,1239452685-1910009837,09/26/2021 03:23,27.57,Baby,Uganda
423,Anna Reyes,1204331061-1183000903,10/18/2021 16:07,47.4,Arts, Crafts & Sewing,Hungary
424,Joan Jaramillo,1807361276-1058210562,10/25/2021 05:25,94.64,Cell Phones & Accessories,Italy
425,Christopher Hodges,1009083827-1916093898,10/07/2021 22:02,35.56,Arts, Crafts & Sewing,Lebanon
426,Aaron Reid,1392976229-1659058386,10/10/2021 01:17,73.42,Toys & Games,Djibouti
427,Elijah Ahmed,1689673421-1825059951,10/28/2021 09:56,18.13,Beauty & Personal Care,Israel
428,Brenda Pena,1222292904-1206171731,10/18/2021 05:41,28.83,Automotive Parts & Accessories,Russia
429,Olivia Bonilla,1214337572-1529639948,09/16/2021 09:01,14.83,Garden & Outdoor,Morocco
430,Pamela Dejesus,1467300377-1333593414,10/29/2021 04:17,18.41,Appliances,Turkmenistan
431,Rachel Marquez,1674073362-1033189252,09/19/2021 23:02,18.68,Appliances,South Sudan
432,Austin Ruiz,1950078378-1815330214,08/20/2021 20:51,16.01,Electronics,Liberia
433,Samuel Clark,1493205474-1898992796,09/05/2021 18:48,88.87,Electronics,Venezuela
434,William Maddox,1564637462-1497330617,10/30/2021 11:09,18.12,Appliances,Comoros
435,Sophia Ramirez,1786325915-1599578824,09/06/2021 11:06,65.2,Clothing, Shoes & Jewelry,Sri Lanka
436,Randy Colon,1977236392-1696673624,10/26/2021 00:43,77.51,Health, Household & Baby Care,New Zealand
437,Harold Gillespie,1166335893-1403314124,09/16/2021 15:09,45.28,Toys & Games,Bulgaria
438,Laura Mcconnell,1209991625-1178922485,08/20/2021 06:52,89.36,Arts, Crafts & Sewing,Antigua and Barbuda
439,Larry Brennan,1431606218-1524038664,08/24/2021 16:51,86.79,Grocery & Gourmet Food,Nauru
440,Zachary Yu,1864590384-1139276099,09/07/2021 11:23,38.3,Automotive Parts & Accessories,Côte d'Ivoire
441,Kayla Pennington,1007723740-1585337086,09/05/2021 09:38,79.83,Electronics,Malawi
442,Judith Dickson,1592436924-1615713191,11/14/2021 19:22,64.23,Toys & Games,Kenya
443,Sandra Cortes,1166585949-1987108381,10/25/2021 21:54,7.08,Pet Supplies,Bahamas
444,Russell Hurley,1896094808-1336678451,09/16/2021 05:28,84.62,Baby,Slovakia
445,Lauren Mcclure,1053432476-1300994249,10/14/2021 07:31,24.89,Cell Phones & Accessories,Ireland
446,Edward Smith,1809962089-1246623925,10/28/2021 11:42,2.07,Toys & Games,Armenia
447,Lawrence Butler,1325314857-1945088097,10/03/2021 00:31,25.58,CDs & Vinyl,Guinea
448,James Woodard,1846975506-1842311884,10/15/2021 07:03,86.56,Health, Household & Baby Care,Sudan
449,Kathleen Jones,1949596031-1472521431,09/22/2021 00:05,64.95,Electronics,Tunisia
450,Jeffrey Greer,1473324980-1687838159,08/29/2021 10:58,10.84,Home & Business Services,Mongolia
451,Ann Morse,1247653975-1372096581,08/18/2021 01:52,96.76,Pet Supplies,Fiji
452,Denise Andersen,1369163582-1368160406,11/12/2021 11:40,85.28,Home & Kitchen,Lesotho
453,Bryan Booker,1113210595-1411620041,08/25/2021 00:41,15.92,Appliances,Tonga
454,Charles Dominguez,1007058990-1827824081,10/11/2021 18:24,57.75,Clothing, Shoes & Jewelry,Togo
455,Margaret Jimenez,1727895957-1180016481,09/20/2021 02:51,10.52,Toys & Games,Argentina
456,Cynthia Whitehead,1720479147-1917779205,10/15/2021 18:53,83.6,Automotive Parts & Accessories,Djibouti
457,Jessica Daniel,1920830960-1667820220,08/26/2021 09:35,54.13,Electronics,Argentina
458,Michael Howell,1284075795-1288653298,09/14/2021 00:53,93.32,Sports & Outdoors,South Africa
459,Martha Blair,1511592070-1271167537,09/18/2021 15:53,8.93,Beauty & Personal Care,Equatorial Guinea
460,Linda Davenport,1042181587-1173431002,11/14/2021 05:57,6.01,Video Games,South Korea
461,Terry Huang,1089837973-1376158852,10/04/2021 16:07,43.18,CDs & Vinyl,Palau
462,Douglas Weeks,1997165757-1119485540,11/05/2021 17:33,64.96,Video Games,Dominican Republic
463,Steven Levy,1024604642-1408254365,09/09/2021 00:17,11.07,CDs & Vinyl,India
464,Adam Terry,1579030435-1383276510,09/29/2021 21:53,13.55,Sports & Outdoors,Brazil
465,Frances Hurst,1804568531-1686343877,11/13/2021 04:14,92.27,CDs & Vinyl,Saint Kitts and Nevis
466,Anthony Delgado,1979684522-1422862311,09/25/2021 23:25,68.16,Arts, Crafts & Sewing,Kiribati
467,Pamela Costa,1165258034-1924443718,10/01/2021 01:24,61.39,Electronics,Sri Lanka
468,Laura Strickland,1802056922-1331818768,08/09/2021 07:29,33.83,Pet Supplies,Hungary
469,Arthur Vaughn,1042976305-1045888866,09/15/2021 15:55,15.62,Automotive Parts & Accessories,Sweden
470,Kathryn Sheppard,1446827960-1944419801,09/08/2021 09:29,88.01,Books,Liechtenstein
471,Raymond Summers,1282335240-1573776527,09/17/2021 03:25,64.79,Automotive Parts & Accessories,Cyprus
472,Logan Beck,1312932315-1333004977,10/26/2021 07:16,11.94,CDs & Vinyl,Gabon
473,Jeremy Pineda,1748256168-1702984633,09/24/2021 09:08,85.76,Toys & Games,Luxembourg
474,Sharon Blevins,1112618899-1778300708,09/08/2021 01:29,46.92,Video Games,Philippines
475,Wayne Morrison,1728107105-1538551763,08/09/2021 21:52,11.39,Tools & Home Improvement,Lesotho
476,Catherine Floyd,1566441278-1673282977,10/20/2021 08:36,57.93,Beauty & Personal Care,Kuwait
477,Joseph Strickland,1011050426-1522353234,09/06/2021 06:52,53.46,Cell Phones & Accessories,Singapore
478,Sharon Kemp,1678634648-1064570859,10/16/2021 17:17,20.97,Pet Supplies,Ghana
479,Debra Duffy,1130580255-1132789379,09/15/2021 08:55,43.93,CDs & Vinyl,South Africa
480,Johnny Mercado,1430493573-1946806441,08/26/2021 01:35,20.58,Books,Afghanistan
481,Megan Solomon,1477314049-1974856367,08/18/2021 14:17,50.19,Office Products,North Macedonia
482,Arthur Todd,1862384075-1147669368,09/19/2021 22:24,87.82,Sports & Outdoors,Egypt
483,Abigail Shah,1035961140-1082436173,09/01/2021 21:10,73.18,Health, Household & Baby Care,Samoa
484,Jack Valentine,1389799918-1972040823,10/03/2021 05:43,15.58,Toys & Games,Monaco
485,Jack Shields,1069357635-1039094165,10/26/2021 19:55,28.28,Sports & Outdoors,Niger
486,Lawrence Chapman,1304445175-1246932329,09/12/2021 20:27,39.49,Arts, Crafts & Sewing,Mozambique
487,Frank Welch,1265796616-1514075986,11/04/2021 18:12,89.03,Electronics,Azerbaijan
488,Emma Douglas,1638776385-1229696916,10/26/2021 01:23,99.68,Tools & Home Improvement,Luxembourg
489,Jean Robinson,1359089588-1000983464,11/08/2021 19:47,14.29,Office Products,Nepal
490,Keith Kerr,1940310741-1955995512,09/15/2021 04:41,55.53,Pet Supplies,United States of America
491,Grace Fitzgerald,1584327435-1061796645,08/09/2021 05:07,7.48,Garden & Outdoor,Dominica
492,Joseph Ryan,1512665027-1186026448,08/27/2021 02:23,26.48,Books,Nepal
493,Alan Lara,1565960143-1928355074,09/11/2021 05:30,68.28,Appliances,Romania
494,Dorothy Truong,1076911134-1453018978,10/30/2021 07:01,29.73,Electronics,Burkina Faso
495,Robert Mcintosh,1107356560-1132039404,08/30/2021 11:37,75.43,Arts, Crafts & Sewing,Congo (Congo-Brazzaville)
496,Jeffrey Peters,1120777118-1539900567,08/15/2021 09:23,65.6,Pet Supplies,Bosnia and Herzegovina
497,Joe Cantu,1471967272-1133344526,11/04/2021 16:31,5.97,Automotive Parts & Accessories,Eritrea
498,John Greer,1255408160-1615916258,09/17/2021 05:27,43.39,Sports & Outdoors,India
499,Jeffrey Sweeney,1538980523-1398648202,10/18/2021 14:02,53.7,Garden & Outdoor,Somalia
500,Linda Rivera,1904085690-1306321407,11/03/2021 00:20,97.4,Baby,Honduras
501,Michael Sheppard,1740488857-1554720837,08/27/2021 06:13,50.49,Office Products,Honduras
502,Beverly Gates,1512203770-1743064149,08/22/2021 16:20,7.34,Appliances,Dominica
503,Frances Kennedy,1543166287-1968686864,11/12/2021 11:34,94.9,Garden & Outdoor,Albania
504,Louis Coleman,1415068390-1206543273,10/30/2021 01:59,98.42,Baby,Nigeria
505,Ashley Rogers,1600660757-1868968656,09/23/2021 05:12,16.11,Health, Household & Baby Care,Lithuania
506,Roy Gilbert,1126785682-1873477727,11/06/2021 01:14,77.18,Arts, Crafts & Sewing,North Macedonia
507,Patricia Esparza,1021586608-1829505900,11/06/2021 16:14,30.57,Musical Instruments,Tonga
508,Betty Fuentes,1493605777-1781242978,11/13/2021 04:39,67.42,Grocery & Gourmet Food,Saint Vincent and the Grenadines
509,Logan Merritt,1499705988-1215825881,10/11/2021 15:33,54.16,Clothing, Shoes & Jewelry,Germany
510,Joshua Keith,1477720893-1764363348,10/14/2021 07:35,77.11,Pet Supplies,France
511,Victoria Wiggins,1596649362-1055877161,09/28/2021 13:54,34.56,Office Products,Mauritius
512,Martha Cuevas,1343777945-1750956764,09/09/2021 02:39,80.57,Electronics,Canada
513,Elijah Weaver,1206398299-1847146748,09/01/2021 01:47,72.92,Toys & Games,Eswatini (fmr. Swaziland)
514,Wayne Noble,1895371242-1743142330,10/17/2021 22:20,44.38,Garden & Outdoor,Nicaragua
515,Carolyn Mcdaniel,1701611175-1309369294,09/11/2021 01:07,72.67,Musical Instruments,Chad
516,Steven Booker,1292603157-1587712756,10/12/2021 08:42,74.95,Grocery & Gourmet Food,Palestine State
517,Zachary Miller,1901976132-1011508330,08/12/2021 02:48,60.06,Musical Instruments,Jamaica
518,Ralph Gonzales,1072453342-1126929753,10/02/2021 08:29,89.7,Automotive Parts & Accessories,Uruguay
519,Larry Schneider,1646053194-1503390833,11/13/2021 08:43,30.77,Appliances,Marshall Islands
520,Joe Herrera,1157557839-1727256981,09/14/2021 05:47,69.01,Industrial & Scientific,Yemen
521,Carl Carlson,1272018431-1972442307,10/19/2021 16:27,16.57,Industrial & Scientific,Guinea-Bissau
522,Timothy Gardner,1567438589-1975220261,09/28/2021 08:17,39.86,Video Games,Kiribati
523,Charlotte Glass,1208472869-1326267194,08/18/2021 20:16,34.52,Electronics,Uruguay
524,Johnny Porter,1551133898-1930955032,11/04/2021 08:47,67.36,Home & Business Services,Togo
525,Raymond Dunn,1176765149-1198749025,09/21/2021 18:39,18.24,Baby,Chile
526,Patrick Mullins,1709181903-1523630904,10/29/2021 06:54,94.57,Appliances,Syria
527,Mark Collier,1669869906-1972876136,10/15/2021 20:10,63.65,Home & Kitchen,El Salvador
528,Gloria Jennings,1172026466-1784902837,10/17/2021 15:17,0.98,Home & Business Services,Botswana
529,Victoria Washington,1112205515-1033100499,09/13/2021 11:52,2.76,Beauty & Personal Care,Nepal
530,Maria Rivers,1598838662-1628416252,10/31/2021 05:33,20.39,Books,Ghana
531,Alice Bernal,1329583334-1886460762,09/20/2021 02:22,92.42,Garden & Outdoor,Senegal
532,Raymond Walsh,1170257195-1929857653,10/14/2021 02:54,63.68,Office Products,Côte d'Ivoire
533,Keith Brewer,1888229606-1956560684,10/11/2021 23:33,54.36,Appliances,Tajikistan
534,Melissa Allen,1121182808-1902501864,10/17/2021 00:46,22.58,Sports & Outdoors,Monaco
535,Randy Lawson,1797681694-1454068366,10/01/2021 16:54,66.9,Beauty & Personal Care,Egypt
536,Peter Cordova,1879666659-1585763943,10/08/2021 13:11,37.3,Health, Household & Baby Care,Syria
537,Susan Lee,1306581693-1196907262,08/16/2021 17:02,26.78,Home & Business Services,Cameroon
538,Stephanie Valentine,1178002648-1069104076,08/09/2021 06:59,43.42,Health, Household & Baby Care,Tuvalu
539,Mary Tyler,1251862850-1855885478,08/16/2021 00:22,53.54,Sports & Outdoors,Sri Lanka
540,Linda Carrillo,1693653365-1438499508,10/10/2021 08:07,60.08,Video Games,Turkey
541,Jessica Decker,1040469854-1435819994,09/12/2021 07:22,81.05,Grocery & Gourmet Food,Timor-Leste
542,Emily Mason,1871930170-1024031222,09/14/2021 11:10,45.07,Home & Business Services,Kiribati
543,Adam Liu,1751207134-1289048281,10/21/2021 07:50,73.95,Clothing, Shoes & Jewelry,Lesotho
544,Nicole Valentine,1895785471-1904691541,09/09/2021 00:16,81.6,Tools & Home Improvement,Lebanon
545,Samuel Shannon,1948749484-1351169635,10/01/2021 10:01,66.96,Grocery & Gourmet Food,Thailand
546,Evelyn Cohen,1331239148-1127923056,10/04/2021 04:55,75.14,Tools & Home Improvement,Lithuania
547,Eric Todd,1120030526-1731119192,08/18/2021 02:30,96.72,CDs & Vinyl,United States of America
548,Noah Ford,1245064792-1518096606,09/17/2021 05:32,40,Tools & Home Improvement,Belize
549,Andrea Castro,1931249959-1340498050,09/14/2021 18:55,76.78,Clothing, Shoes & Jewelry,Mexico
550,Vincent Steele,1647911275-1746122122,08/26/2021 16:18,21.77,Sports & Outdoors,Azerbaijan
551,Roy Gutierrez,1332010568-1671737539,11/04/2021 08:48,81.31,Video Games,Belarus
552,Barbara Black,1923955286-1030340797,10/16/2021 04:02,77.95,Grocery & Gourmet Food,Saint Kitts and Nevis
553,Brian Guzman,1501872188-1983582618,08/30/2021 08:37,49.89,Tools & Home Improvement,Seychelles
554,Katherine Stafford,1953553026-1760536851,09/20/2021 10:50,25.95,Appliances,Gambia
555,Gregory Rowe,1240402638-1291688331,09/20/2021 22:56,61.76,Appliances,Greece
556,Logan Harmon,1106792215-1293307211,08/25/2021 18:29,34.84,Garden & Outdoor,Zambia
557,Jean Mcpherson,1106506706-1781238616,09/10/2021 01:17,16.35,Musical Instruments,San Marino
558,Randy Obrien,1568068805-1633593587,09/10/2021 15:31,21.02,Clothing, Shoes & Jewelry,San Marino
559,Gabriel Schmidt,1070468003-1268819722,08/17/2021 00:51,66.02,Home & Kitchen,South Africa
560,Beverly Stout,1375642940-1247312103,08/30/2021 19:50,45.92,Appliances,Tanzania
561,Amanda Sanders,1157678687-1171044769,10/18/2021 10:38,47.32,Grocery & Gourmet Food,Uzbekistan
562,Stephanie Horne,1926983938-1699603397,08/14/2021 15:23,83.77,Tools & Home Improvement,Haiti
563,Teresa Stone,1227147626-1662091122,08/31/2021 06:41,32.08,Tools & Home Improvement,Bulgaria
564,Ann Woodward,1597924963-1328325703,10/10/2021 10:24,89.94,Automotive Parts & Accessories,Benin
565,Natalie Fitzpatrick,1032728659-1015821530,09/20/2021 09:07,67.6,Electronics,Rwanda
566,Harold Nixon,1594401799-1435212285,08/23/2021 20:20,49.56,Home & Kitchen,Iceland
567,Joe Rivera,1618134076-1683936269,10/23/2021 09:18,59.86,Automotive Parts & Accessories,Bolivia
568,Christian Pace,1867361396-1013045659,11/07/2021 00:58,21.14,Industrial & Scientific,Sierra Leone
569,Steven Zavala,1004874883-1948500279,08/17/2021 05:34,16.27,Beauty & Personal Care,Poland
570,Bobby Beltran,1505362896-1925258696,10/29/2021 13:56,34.88,Toys & Games,Central African Republic
571,Julie Potter,1348592829-1448429726,09/07/2021 06:32,58.13,Toys & Games,Guinea-Bissau
572,Noah Byrd,1412939573-1727933131,09/01/2021 13:58,66.96,Video Games,Malaysia
573,Julie Sierra,1110508372-1636152664,09/23/2021 11:46,94.21,Pet Supplies,Myanmar (formerly Burma)
574,Martha Wallace,1444476999-1626435619,10/14/2021 14:42,55.64,Sports & Outdoors,Saint Lucia
575,Dennis Cline,1825961209-1158037279,11/05/2021 17:19,77.74,Arts, Crafts & Sewing,Turkey
576,Jonathan Carroll,1580937859-1794700571,08/24/2021 19:49,71.24,Home & Business Services,Kenya
577,Abigail Choi,1744609203-1213836107,08/13/2021 16:58,78.65,CDs & Vinyl,Mongolia
578,Billy Hardin,1424805034-1083985143,10/24/2021 19:17,95.24,Video Games,Mali
579,Barbara Kemp,1767394441-1622563601,10/22/2021 14:54,64.98,Beauty & Personal Care,Lithuania
580,Christina Decker,1653084799-1570565563,09/03/2021 08:53,61.21,Automotive Parts & Accessories,North Korea
581,Gregory Le,1376429888-1358421712,09/16/2021 05:02,49.7,Musical Instruments,Vanuatu
582,Sandra Ellis,1185237019-1150404343,10/07/2021 02:15,12.21,CDs & Vinyl,Ethiopia
583,Brittany Anderson,1993774928-1804309975,11/02/2021 14:11,85.42,Automotive Parts & Accessories,Japan
584,Gerald Collins,1739228264-1250872444,11/12/2021 05:55,40.9,Baby,Central African Republic
585,Robert Delarosa,1077692013-1662159374,09/13/2021 03:36,50.27,Home & Business Services,Pakistan
586,Eric Schneider,1643824349-1198655177,09/16/2021 05:06,57.21,Toys & Games,Azerbaijan
587,Raymond Shields,1154548503-1513811785,09/16/2021 18:31,93.43,Office Products,Chad
588,Kenneth Gonzales,1116259567-1058425103,11/04/2021 13:42,33.16,Beauty & Personal Care,Iran
589,Jacob Solomon,1689073656-1030617607,09/06/2021 01:32,54.06,Office Products,Hungary
590,Sharon Pruitt,1182317856-1334144778,09/30/2021 19:33,56.39,Toys & Games,Mauritius
591,Daniel Nava,1398911144-1054588603,11/14/2021 14:08,58.54,Garden & Outdoor,Malaysia
592,Steven Randall,1417245872-1482134643,10/28/2021 10:35,12.4,Home & Business Services,Nigeria
593,Joan Hayes,1295991868-1327439317,08/28/2021 19:50,78.21,Tools & Home Improvement,Andorra
594,Michelle Chang,1271648524-1281827785,08/16/2021 14:05,63.45,Office Products,Seychelles
595,John Orr,1456605058-1017868794,08/21/2021 20:55,70.02,Baby,Ukraine
596,Jeffrey Lin,1761791943-1933437954,09/14/2021 17:50,7.15,Tools & Home Improvement,Iceland
597,Aaron Park,1989825577-1693114556,11/02/2021 09:41,13.55,Musical Instruments,Cambodia
598,Margaret Maldonado,1111369810-1028092242,09/19/2021 04:30,27.81,Electronics,Sudan
599,Eugene Ellis,1641507389-1193791406,11/01/2021 11:02,33.82,Video Games,Malawi
600,Amy Russell,1375917103-1724290315,11/10/2021 03:07,76.35,Musical Instruments,Tunisia
601,Sara Stafford,1133367014-1892506036,10/15/2021 03:47,73.37,Beauty & Personal Care,Algeria
602,Carl Figueroa,1608381394-1128453419,09/07/2021 07:33,79.6,Tools & Home Improvement,United States of America
603,Jessica Cook,1477286814-1463227796,09/24/2021 08:35,38.71,Electronics,Armenia
604,Brittany Vazquez,1406048999-1716278954,08/23/2021 22:40,74.9,Sports & Outdoors,Sierra Leone
605,Kathryn Bullock,1992092885-1342143814,08/22/2021 18:45,24.75,Grocery & Gourmet Food,Fiji
606,Michael Avery,1224388912-1807632808,09/11/2021 06:32,67.01,Home & Business Services,Cambodia
607,Terry Hicks,1768379855-1143666545,08/12/2021 01:31,89.21,Home & Business Services,Timor-Leste
608,Zachary Aguilar,1929999749-1769421010,10/20/2021 18:01,13.52,Grocery & Gourmet Food,Samoa
609,Amanda Cuevas,1367972651-1087450491,10/14/2021 07:30,59.84,Garden & Outdoor,Czechia (Czech Republic)
610,Christopher Houston,1395836654-1696730641,08/21/2021 15:32,84.84,Home & Kitchen,Portugal
611,Dylan Higgins,1960220573-1885730299,11/08/2021 09:50,45.5,Industrial & Scientific,Iraq
612,Sarah Everett,1059636465-1564030467,10/15/2021 20:32,68.09,Industrial & Scientific,India
613,Judith Strong,1837749312-1696145688,11/07/2021 10:42,23.33,Home & Business Services,United States of America
614,Julia Terry,1753092705-1211264886,09/18/2021 01:48,48.22,Tools & Home Improvement,Comoros
615,James Perkins,1055857122-1178360892,10/08/2021 21:24,83.18,Books,Brazil
616,Jesse Rice,1035174092-1622069771,09/26/2021 06:29,26.41,Sports & Outdoors,Sri Lanka
617,Christina Taylor,1547486095-1181946422,09/15/2021 11:25,84.83,Arts, Crafts & Sewing,Zambia
618,Natalie Shepard,1679398768-1591043853,08/29/2021 18:11,65.94,Cell Phones & Accessories,Australia
619,Ethan Potter,1854579715-1724156648,08/10/2021 02:54,13.11,Cell Phones & Accessories,Maldives
620,Nicole Watts,1692075221-1984745788,09/28/2021 13:30,87.39,Garden & Outdoor,Afghanistan
621,Lisa Page,1859206758-1496822439,08/31/2021 04:53,44.41,Books,Slovenia
622,Martha Murillo,1955612183-1333566780,09/16/2021 07:55,82.33,Toys & Games,Turkey
623,Brandon Carroll,1155844648-1624783853,11/14/2021 02:43,69.46,Garden & Outdoor,Luxembourg
624,Kevin Sexton,1101658368-1925922043,09/30/2021 22:24,35.78,Industrial & Scientific,Angola
625,Sophia Sweeney,1294601883-1936269519,11/15/2021 15:01,35.85,Tools & Home Improvement,Portugal
626,Lawrence Mccoy,1675049610-1342817767,09/23/2021 00:25,23.44,Garden & Outdoor,Saint Kitts and Nevis
627,Russell Lyons,1335083153-1032592047,09/21/2021 04:15,2.97,Books,Laos
628,Sara Martin,1872790668-1548611637,08/11/2021 09:51,21.96,Baby,Senegal
629,Deborah Chavez,1320734812-1831073849,08/13/2021 01:43,75.88,Sports & Outdoors,Zambia
630,Bryan Jarvis,1883966418-1581796328,09/09/2021 18:41,26.2,CDs & Vinyl,Jordan
631,Lawrence Callahan,1488337036-1354241409,09/02/2021 10:12,12.65,Health, Household & Baby Care,Andorra
632,Austin Cardenas,1612069765-1391644144,11/14/2021 13:54,50.4,Tools & Home Improvement,Japan
633,Mark Graham,1644264445-1885246085,11/08/2021 10:11,29.1,Books,Bahamas
634,Janice Ray,1847615747-1940987384,08/13/2021 04:34,96.64,Arts, Crafts & Sewing,United States of America
635,Steven Rivers,1395460629-1968005874,09/05/2021 00:15,49.23,Video Games,Cyprus
636,Margaret Cline,1189359443-1252392695,09/07/2021 10:41,60.31,Video Games,Tajikistan
637,Adam Zavala,1247856113-1143825577,09/10/2021 05:29,67.11,Clothing, Shoes & Jewelry,Monaco
638,Alan Garrison,1423866491-1176420994,09/22/2021 18:24,67.62,Appliances,China
639,Gary Clayton,1722284729-1194663988,09/15/2021 16:18,59.52,Tools & Home Improvement,Indonesia
640,Patrick Gould,1699739563-1413695542,09/04/2021 13:06,25.17,Books,Tonga
641,Zachary Khan,1058232110-1891749074,10/27/2021 02:37,1.3,Home & Business Services,Cameroon
642,Samantha Oconnell,1444433156-1672068911,10/05/2021 18:13,5.32,Cell Phones & Accessories,Paraguay
643,Barbara Mcintosh,1439666088-1543677382,09/05/2021 22:35,1.02,Baby,Zimbabwe
644,Roy Mckenzie,1386480610-1732283340,09/08/2021 09:43,83.05,Arts, Crafts & Sewing,Iraq
645,Alexis Kelley,1892066746-1270807543,09/29/2021 05:36,2.77,Cell Phones & Accessories,Saint Vincent and the Grenadines
646,James Church,1722336744-1470866627,08/18/2021 15:21,51.46,Health, Household & Baby Care,Turkey
647,Stephen Christian,1565243270-1140831394,10/28/2021 13:45,71.21,CDs & Vinyl,Jordan
648,Isabella Avila,1062104832-1331435292,10/05/2021 18:57,16.89,Cell Phones & Accessories,Antigua and Barbuda
649,Daniel Fischer,1008927569-1482586546,10/03/2021 16:23,91.56,Health, Household & Baby Care,Kiribati
650,Martha Cuevas,1654886036-1365171993,10/20/2021 13:52,75.12,Sports & Outdoors,South Korea
651,Steven Waters,1049254825-1683380037,09/23/2021 09:13,39.09,CDs & Vinyl,Saint Kitts and Nevis
652,Daniel Graham,1456139830-1721404713,09/27/2021 01:38,8.27,Grocery & Gourmet Food,Marshall Islands
653,Samantha Frazier,1874790846-1189246838,08/13/2021 22:41,69.69,Toys & Games,India
654,Matthew Montoya,1084673613-1567946855,09/27/2021 03:39,32.56,Video Games,Guatemala
655,Beverly Fleming,1860350937-1718059382,08/09/2021 17:41,93.34,Books,Ethiopia
656,Ann Calhoun,1046951473-1749764370,10/28/2021 23:12,86,Appliances,Bosnia and Herzegovina
657,Ruth Oconnell,1329288231-1597129334,09/24/2021 01:36,88.82,Musical Instruments,Cameroon
658,Frank Aguilar,1147215914-1362915325,10/13/2021 11:32,15.68,Electronics,Bosnia and Herzegovina
659,Benjamin Graham,1838261371-1258879437,08/15/2021 01:45,33.49,Industrial & Scientific,Jordan
660,Dylan Maynard,1585182206-1975158407,09/14/2021 16:06,26.32,Appliances,Marshall Islands
661,Larry Owen,1716992886-1725488909,09/03/2021 02:07,68.4,Sports & Outdoors,Lebanon
662,Bruce Robertson,1659927040-1621317591,09/03/2021 05:44,7.05,Home & Kitchen,Poland
663,Amy Edwards,1503938824-1263988849,09/14/2021 00:32,17.21,Clothing, Shoes & Jewelry,Bulgaria
664,Ruth Salas,1972928917-1657672503,08/31/2021 19:21,11.28,Home & Kitchen,Equatorial Guinea
665,Jennifer Lindsey,1927042629-1210219125,08/14/2021 17:11,96.38,Appliances,Nepal
666,Raymond Schwartz,1603666423-1126663154,10/07/2021 06:06,45.3,Appliances,Timor-Leste
667,Andrew Valdez,1943022807-1895745251,11/02/2021 18:20,0.23,Home & Business Services,Serbia
668,Teresa White,1558872683-1131177801,09/23/2021 00:51,29.37,Baby,Croatia
669,Christian House,1945277895-1396346852,11/16/2021 08:24,84.62,Pet Supplies,Mauritius
670,Aaron Yates,1018454103-1267893395,09/12/2021 19:23,3.13,Arts, Crafts & Sewing,Equatorial Guinea
671,Donald Payne,1103835813-1203537668,08/29/2021 05:44,47.25,Electronics,Thailand
672,Emily Landry,1125659081-1250585315,09/14/2021 04:14,54.67,Home & Kitchen,Panama
673,Alice Cantrell,1746527202-1325200161,10/19/2021 05:52,29.1,Electronics,Timor-Leste
674,Bobby Middleton,1215707340-1133217356,08/28/2021 19:36,74.17,Garden & Outdoor,Central African Republic
675,Dorothy Gilmore,1260333947-1371987414,09/26/2021 10:55,76.78,Grocery & Gourmet Food,Comoros
676,Sharon Bates,1142382134-1090213218,11/04/2021 08:55,77.86,Home & Business Services,Bulgaria
677,Denise Salas,1986671995-1772956641,11/11/2021 16:36,99.24,Health, Household & Baby Care,Austria
678,Ralph Delarosa,1942998280-1175664013,10/28/2021 15:26,37.46,Garden & Outdoor,Bhutan
679,Judith Richards,1654790798-1161155693,08/15/2021 20:02,12.55,Clothing, Shoes & Jewelry,Israel
680,John Gates,1819135581-1090771656,09/15/2021 18:51,48.74,Video Games,Palau
681,Christian Bonilla,1315224584-1726913124,09/30/2021 17:52,96.67,Video Games,Cambodia
682,Julia Burke,1966060142-1694872315,10/09/2021 20:40,82.55,Appliances,San Marino
683,Jacqueline Gregory,1980508644-1805115205,10/15/2021 07:47,85.22,Grocery & Gourmet Food,Grenada
684,Betty Swanson,1047322264-1149196057,09/12/2021 13:57,92.78,Automotive Parts & Accessories,Côte d'Ivoire
685,Emma Kennedy,1217220362-1766307773,11/02/2021 17:21,12.43,Appliances,Bahrain
686,Christine Mccarty,1643013659-1988858398,08/24/2021 06:53,51.01,Sports & Outdoors,Hungary
687,Jordan Fuller,1403985031-1484625322,09/19/2021 03:21,81.68,Appliances,Ghana
688,Charles Aguirre,1126801442-1698519066,08/25/2021 18:56,21.42,Baby,Kuwait
689,Helen Moody,1141172890-1624732783,11/11/2021 05:34,5.85,Office Products,Cambodia
690,Walter Oconnor,1530791439-1418649626,09/13/2021 07:25,73.26,Grocery & Gourmet Food,Mozambique
691,Justin Rosas,1077323479-1310390560,10/09/2021 15:48,94.45,Health, Household & Baby Care,Timor-Leste
692,Eric Hughes,1837156926-1878266543,08/27/2021 04:52,77.92,Health, Household & Baby Care,Uruguay
693,Logan Davidson,1512378930-1630900287,09/17/2021 13:08,70.81,Garden & Outdoor,Norway
694,Christopher York,1028371790-1908487380,10/04/2021 22:59,83.07,Health, Household & Baby Care,India
695,Tyler Simpson,1891114810-1214584272,10/15/2021 16:18,65.25,Home & Kitchen,Mauritius
696,Carol May,1306104990-1885500946,08/18/2021 02:41,44.64,Books,Tajikistan
697,Debra Dennis,1891569871-1525355134,08/08/2021 19:09,92.86,Books,Marshall Islands
698,Roy Watkins,1527754249-1268967751,10/20/2021 05:18,29.78,Beauty & Personal Care,Guyana
699,Harold Woodard,1100976170-1749345697,09/12/2021 07:58,14.29,Industrial & Scientific,Eritrea
700,Robert Johnson,1115624890-1842973011,10/28/2021 01:24,36.58,Industrial & Scientific,New Zealand
701,Frank Huff,1203189856-1367372651,11/11/2021 21:43,3.72,CDs & Vinyl,South Korea
702,Carol Collier,1130355776-1965930542,10/26/2021 20:37,14.23,Automotive Parts & Accessories,Belgium
703,Kathryn Barr,1921604458-1447636573,11/10/2021 21:49,68.48,Pet Supplies,Serbia
704,Donald Hull,1078174748-1704349804,08/25/2021 03:59,73.36,Pet Supplies,Iran
705,Katherine Green,1535742083-1408525260,10/13/2021 09:34,14.97,Garden & Outdoor,Azerbaijan
706,Sharon Ibarra,1499044508-1438970813,11/16/2021 09:10,75.55,Home & Kitchen,Malawi
707,Jeremy Blair,1959187557-1800669724,08/12/2021 07:03,42.6,Sports & Outdoors,Oman
708,Timothy Randolph,1435353615-1826050012,08/16/2021 23:49,51.31,Video Games,Poland
709,Kenneth Maynard,1048522207-1571851989,08/30/2021 09:10,63.92,Health, Household & Baby Care,Bhutan
710,Samantha Clay,1418904210-1291011059,09/10/2021 07:58,73.5,Office Products,Gambia
711,Wayne Long,1018036514-1797126803,08/19/2021 04:58,67.3,Health, Household & Baby Care,Belarus
712,Linda Reese,1653922471-1362408938,10/18/2021 05:27,38.73,Home & Business Services,India
713,Michael Raymond,1722244894-1424158117,10/09/2021 05:46,14.44,Toys & Games,Haiti
714,Jacob Vang,1068801734-1005537093,08/22/2021 10:59,25.14,Office Products,Luxembourg
715,Helen Franco,1119433952-1259452102,08/25/2021 10:24,5.65,Home & Kitchen,Democratic Republic of the Congo
716,Kayla Sharp,1718015144-1587955429,09/01/2021 19:43,59.39,Video Games,Philippines
717,Albert Hood,1519389075-1793931653,08/10/2021 03:44,64.84,Home & Kitchen,United Arab Emirates
718,Mary Morrison,1715054886-1540828122,08/25/2021 09:49,46.28,Industrial & Scientific,Guyana
719,Donna Lambert,1146707821-1749321490,10/31/2021 18:16,48.08,Pet Supplies,Denmark
720,Tyler Marshall,1838443859-1056395044,10/01/2021 10:21,32.55,Automotive Parts & Accessories,Lesotho
721,Nathan Franco,1554565659-1748615091,10/26/2021 07:05,17.72,Musical Instruments,Angola
722,Maria Villa,1002886113-1084187658,11/15/2021 18:16,77,Office Products,Timor-Leste
723,Laura Lawrence,1395766113-1363893340,09/20/2021 19:32,65.86,Baby,Sri Lanka
724,Donald Bullock,1187031491-1114793584,09/16/2021 22:23,39.81,Cell Phones & Accessories,Turkmenistan
725,Susan Rasmussen,1732299797-1609135670,09/10/2021 17:35,75.42,Arts, Crafts & Sewing,Nepal
726,Daniel Ponce,1683610031-1044362661,08/16/2021 15:27,19.07,Beauty & Personal Care,United Arab Emirates
727,Justin Mcguire,1101763470-1979380608,10/22/2021 23:22,88.81,Automotive Parts & Accessories,Ghana
728,Louis Bowen,1238892750-1695483669,09/29/2021 14:57,78.66,Electronics,Indonesia
729,Emma Winters,1603383004-1380779877,09/28/2021 01:49,14.27,Industrial & Scientific,Saudi Arabia
730,Brandon Mosley,1210022201-1011020464,10/20/2021 02:33,75.29,Books,Liberia
731,Austin Alexander,1274164911-1648393202,09/16/2021 16:22,98.81,Health, Household & Baby Care,Morocco
732,Sandra Terrell,1492306238-1422912238,10/16/2021 15:20,72.1,Arts, Crafts & Sewing,South Sudan
733,Louis Stout,1691882118-1750764886,10/03/2021 22:52,22.79,Toys & Games,Mauritius
734,Gabriel Mitchell,1425896711-1580916091,09/09/2021 21:34,95.49,Cell Phones & Accessories,Guyana
735,Joyce Wall,1570683766-1213078175,08/11/2021 09:03,78.71,Arts, Crafts & Sewing,Dominican Republic
736,Samantha Graves,1272423733-1563128449,08/26/2021 23:10,52.34,Automotive Parts & Accessories,Sierra Leone
737,Gregory Jackson,1563144794-1524017226,09/21/2021 02:39,91.13,Automotive Parts & Accessories,Latvia
738,Maria Beltran,1949584460-1850021508,11/11/2021 10:05,47.88,Cell Phones & Accessories,Saudi Arabia
739,Victoria Newman,1524272782-1054917865,10/11/2021 21:58,86.27,Video Games,Indonesia
740,Joyce Chen,1744012415-1752455670,08/13/2021 05:23,4.67,Musical Instruments,Venezuela
741,Laura Hoover,1040027056-1011745606,08/10/2021 14:13,42.24,Musical Instruments,Belize
742,Jennifer Merritt,1744789331-1904893083,10/04/2021 05:07,50.82,Baby,Italy
743,Eric Maynard,1140668483-1597194043,08/10/2021 03:02,19.72,Beauty & Personal Care,Marshall Islands
744,Doris Berger,1833808175-1198950145,09/19/2021 00:42,51.25,Sports & Outdoors,United Arab Emirates
745,Steven Harmon,1351840681-1015087449,09/16/2021 05:50,83.91,Arts, Crafts & Sewing,Oman
746,Keith Dillon,1877435666-1692545662,10/20/2021 08:07,44.28,Toys & Games,Chile
747,Richard Barrera,1526290798-1726611167,10/07/2021 22:29,54.58,Home & Business Services,North Korea
748,Harold Moyer,1424237547-1731387531,10/28/2021 21:52,12.56,Home & Business Services,Japan
749,Charlotte Koch,1875698708-1214027833,10/01/2021 07:59,14.13,Industrial & Scientific,Colombia
750,Grace Cardenas,1482352632-1534292958,09/22/2021 09:55,62.52,Baby,Turkey
751,Deborah Robinson,1521218633-1387193104,08/30/2021 15:19,14.61,Automotive Parts & Accessories,Panama
752,Patricia Sosa,1462292081-1332406027,10/10/2021 20:18,31.23,Books,Somalia
753,Aaron Hart,1626310776-1900528897,10/08/2021 13:07,88.99,Appliances,Kenya
754,Stephen Kelly,1501118136-1951085388,11/16/2021 00:24,48.85,Appliances,Micronesia
755,Juan Whitaker,1635367713-1270492880,10/02/2021 19:36,15,Cell Phones & Accessories,Turkey
756,Jonathan Bentley,1368297483-1417524379,09/26/2021 07:00,62.07,Toys & Games,South Korea
757,Kayla Cuevas,1967786993-1432338910,10/31/2021 02:44,51.12,CDs & Vinyl,Switzerland
758,Christian Small,1873202557-1661170170,08/29/2021 22:15,35.58,Home & Kitchen,Eswatini (fmr. Swaziland)
759,Randy Zavala,1717229819-1316744974,09/03/2021 20:51,8.36,Baby,Slovakia
760,Wayne Jacobson,1489221644-1649331841,09/08/2021 23:07,20.31,Office Products,Austria
761,Kevin Rivera,1824178654-1311980173,08/24/2021 10:07,70.71,Cell Phones & Accessories,United Arab Emirates
762,Sharon Dougherty,1165542707-1332822903,10/21/2021 09:55,65.1,Cell Phones & Accessories,Peru
763,Nicole Ibarra,1070981790-1558850713,10/04/2021 13:16,22.39,Industrial & Scientific,Denmark
764,Charlotte Delgado,1247536146-1409353953,10/20/2021 22:05,40.53,Pet Supplies,Namibia
765,Russell Savage,1446407934-1525405093,10/12/2021 19:11,15.64,Musical Instruments,Liberia
766,Bryan Roth,1508156371-1601596172,08/23/2021 08:12,26.54,Cell Phones & Accessories,Finland
767,Madison Nava,1726169097-1416305734,10/19/2021 17:37,75.62,Tools & Home Improvement,Russia
768,Matthew Arellano,1176091082-1004995407,08/27/2021 19:17,54.56,Health, Household & Baby Care,Saint Kitts and Nevis
769,Frank Arellano,1838613804-1407875404,08/27/2021 04:57,64.59,Electronics,Niger
770,Lisa Fisher,1514124336-1601680673,10/02/2021 13:18,3.01,Musical Instruments,Portugal
771,Tyler Sparks,1092350413-1698457083,10/01/2021 20:56,50.32,Beauty & Personal Care,Bulgaria
772,Christina Webb,1049715505-1205004208,08/28/2021 22:11,31.83,Sports & Outdoors,Germany
773,Dorothy Lim,1197142736-1952792379,08/10/2021 02:50,57.44,Musical Instruments,Slovenia
774,Betty Michael,1293718119-1683040035,10/06/2021 14:31,14.02,CDs & Vinyl,Samoa
775,Marie Wells,1853600110-1407246878,09/03/2021 03:24,30.91,Industrial & Scientific,Mozambique
776,Judith Enriquez,1425129750-1315859988,08/26/2021 01:08,13.96,Electronics,Kenya
777,Christine Campbell,1939731440-1946287253,10/24/2021 23:01,36.67,Cell Phones & Accessories,Marshall Islands
778,Lauren Hickman,1360614067-1458523944,09/05/2021 09:07,78.99,Electronics,Saint Vincent and the Grenadines
779,Samuel Pittman,1763131878-1727295209,08/31/2021 01:44,97.78,Musical Instruments,Turkey
780,Ann Woodward,1428621103-1911456706,09/05/2021 20:24,90.73,Home & Kitchen,Iraq
781,Larry Vargas,1513113076-1974277614,08/30/2021 04:58,96.66,Toys & Games,Fiji
782,Emily Montes,1934262891-1092672467,10/16/2021 00:17,21.25,Appliances,Burundi
783,Eric Hurst,1510398664-1852463992,08/26/2021 21:44,44.92,Beauty & Personal Care,Bahamas
784,Maria Cooper,1606746564-1057898903,10/19/2021 02:39,78.88,Office Products,Austria
785,Theresa Tate,1388083085-1133627002,10/03/2021 15:35,33.6,Sports & Outdoors,Haiti
786,Dorothy Hawkins,1739486281-1434239709,08/20/2021 05:17,66.06,Garden & Outdoor,Kazakhstan
787,Gary Castro,1220183273-1520379871,10/19/2021 01:32,87.63,Books,Niger
788,Joan Mayer,1266372926-1701502785,10/10/2021 15:24,37.68,Health, Household & Baby Care,Afghanistan
789,Willie Sheppard,1849149375-1547250656,10/26/2021 13:45,17.25,Clothing, Shoes & Jewelry,Zambia
790,Jonathan Martin,1630500501-1808762688,09/28/2021 18:55,86.77,Pet Supplies,Saint Kitts and Nevis
791,Gloria Novak,1532182925-1720810264,11/06/2021 16:53,3.8,Toys & Games,Mozambique
792,Anthony Daugherty,1244343787-1221078676,08/10/2021 13:17,67.29,Video Games,Iraq
793,Harold Fields,1704288295-1784571550,10/24/2021 03:42,45.76,Clothing, Shoes & Jewelry,Guinea-Bissau
794,Alexander Christian,1523645339-1436774083,09/17/2021 22:36,12.84,Musical Instruments,Singapore
795,Ralph Leonard,1103888214-1175903350,10/05/2021 06:34,40.94,Grocery & Gourmet Food,Equatorial Guinea
796,Martha Clarke,1550120738-1565246696,08/24/2021 13:11,74.76,CDs & Vinyl,Latvia
797,Louis Barry,1817501553-1443543965,10/21/2021 17:11,80.75,Appliances,Qatar
798,Stephanie Chandler,1220228781-1980145126,09/29/2021 15:48,52.84,Baby,Norway
799,Austin Anderson,1618925113-1733878740,09/10/2021 06:48,95.84,Garden & Outdoor,Uruguay
800,Dorothy Jefferson,1646600097-1715126671,08/24/2021 10:37,66.03,Automotive Parts & Accessories,Philippines
801,Grace Richard,1782651208-1435486371,08/13/2021 05:48,57,Toys & Games,Papua New Guinea
802,Paul Andersen,1384682097-1467441363,08/19/2021 23:57,8.37,Musical Instruments,Guyana
803,Julie Archer,1204969944-1012254702,09/03/2021 18:02,50.51,Baby,Tuvalu
804,Jason Baldwin,1610741954-1734381398,09/09/2021 08:53,18.35,Cell Phones & Accessories,Morocco
805,Olivia Simon,1871565664-1640495224,08/19/2021 05:44,17.92,Home & Kitchen,Palestine State
806,Hannah Cortez,1894921318-1918488340,11/08/2021 02:35,77.04,Books,Haiti
807,Samantha Hayes,1432645017-1692340264,09/23/2021 09:19,65.03,Beauty & Personal Care,Saint Lucia
808,Kelly Walter,1300632012-1369001900,08/08/2021 17:00,56.45,Sports & Outdoors,Turkmenistan
809,George Fitzgerald,1673894557-1827823477,10/06/2021 10:22,69.22,Appliances,South Sudan
810,Laura Wang,1480328264-1656727117,11/03/2021 06:49,17.93,Automotive Parts & Accessories,Iran
811,Andrew Meadows,1392948950-1105204573,08/13/2021 10:59,52.59,Baby,Pakistan
812,Grace Chapman,1652152238-1273886439,09/15/2021 02:59,60.48,Toys & Games,Turkmenistan
813,Nathan Osborne,1005709542-1504735389,11/10/2021 14:37,64.39,Cell Phones & Accessories,Bahrain
814,Jack Shannon,1469799790-1345796896,08/19/2021 17:37,56.87,Video Games,Tanzania
815,Sara Hail,1772391701-1409197401,08/13/2021 18:19,20.65,Books,Chad
816,David Hutchinson,1904076638-1592976141,10/12/2021 00:24,88.82,Clothing, Shoes & Jewelry,Nigeria
817,Charles Rodriguez,1290292083-1168288325,09/14/2021 01:37,30.64,Pet Supplies,Italy
818,Joe Gentry,1731861960-1912077418,09/25/2021 06:46,59.65,Books,Lithuania
819,Betty Wade,1615226110-1525804422,09/18/2021 14:06,87.68,Industrial & Scientific,Denmark
820,Alexis Lin,1522344211-1864471211,09/01/2021 23:11,60.41,Clothing, Shoes & Jewelry,Mauritania
821,Victoria Barton,1815556618-1222737594,09/03/2021 20:10,99.2,Beauty & Personal Care,Kazakhstan
822,Matthew Jordan,1326938606-1728333903,08/27/2021 03:16,76.45,Industrial & Scientific,Barbados
823,Kimberly Garrison,1315463853-1989431343,09/12/2021 02:05,86.74,Office Products,Monaco
824,Nicholas Jarvis,1820028129-1073310661,11/12/2021 18:39,39.25,Sports & Outdoors,Panama
825,Christina Mullen,1812955510-1875426362,10/26/2021 10:50,79.4,Home & Kitchen,Yemen
826,Charles Mckinney,1019916616-1099556395,11/14/2021 19:56,82.61,Musical Instruments,Brunei
827,Margaret Navarro,1831725767-1079725094,09/01/2021 00:49,25.37,Automotive Parts & Accessories,Austria
828,Nicole Cox,1971500349-1656666372,09/14/2021 00:18,44,CDs & Vinyl,Ireland
829,Victoria Lozano,1821147824-1783325900,10/22/2021 06:24,72.04,Industrial & Scientific,Colombia
830,Matthew Lambert,1823983635-1478843709,10/21/2021 13:54,73.32,Video Games,Montenegro
831,Brian Berg,1099338789-1968514609,10/05/2021 04:55,36.33,Grocery & Gourmet Food,Venezuela
832,Eugene Mcguire,1048884160-1992094116,11/04/2021 01:50,4.84,CDs & Vinyl,Papua New Guinea
833,Andrea Hogan,1191226624-1365684809,09/30/2021 03:28,49.27,Garden & Outdoor,Maldives
834,Jordan Villa,1328445571-1066134164,09/02/2021 07:58,85.26,Toys & Games,Argentina
835,Austin Mccarty,1257089806-1542104969,10/07/2021 15:31,83.19,Electronics,Finland
836,Terry Mcintyre,1905083123-1576066226,08/21/2021 05:17,73.36,Arts, Crafts & Sewing,Bolivia
837,Johnny Murphy,1966069707-1820318731,10/28/2021 15:42,98.27,Musical Instruments,North Macedonia
838,Jack Phan,1688019445-1889223533,10/01/2021 23:47,64.91,Sports & Outdoors,Haiti
839,Natalie Shaffer,1140676712-1611192934,08/21/2021 06:56,75.24,Grocery & Gourmet Food,Samoa
840,Justin Hines,1355643203-1296707947,10/25/2021 02:44,43.68,Cell Phones & Accessories,Guinea-Bissau
841,Sean Clarke,1592242610-1434630222,10/07/2021 02:39,1.59,Baby,Mauritius
842,George Cohen,1758998494-1937410366,10/21/2021 14:33,35.49,Home & Kitchen,Burkina Faso
843,Danielle Coffey,1794903246-1777776596,09/28/2021 12:02,39.13,Arts, Crafts & Sewing,Namibia
844,Angela Adams,1291416242-1488095669,11/15/2021 06:53,70.6,Industrial & Scientific,South Sudan
845,Benjamin Ingram,1635351650-1837365374,10/03/2021 05:28,41.82,Grocery & Gourmet Food,Bosnia and Herzegovina
846,Charles Sims,1492898321-1402886313,09/05/2021 14:18,81.44,Home & Business Services,Vietnam
847,Danielle Chang,1348833338-1075311377,10/31/2021 07:14,27.09,Sports & Outdoors,Antigua and Barbuda
848,Denise Archer,1151370741-1460183152,11/01/2021 20:06,95.75,Arts, Crafts & Sewing,Slovenia
849,Roger Knight,1344847924-1397517401,11/02/2021 07:43,88.85,Cell Phones & Accessories,Morocco
850,Victoria Watson,1765791014-1812576280,11/05/2021 17:18,56,Appliances,Guinea
851,Anna Li,1494270352-1046552386,09/29/2021 10:14,3.28,Office Products,Germany
852,Aaron Campbell,1484279690-1731438224,08/10/2021 18:23,95.13,CDs & Vinyl,Slovenia
853,Marilyn Sanford,1493302219-1843212514,09/26/2021 03:01,33.88,Garden & Outdoor,United States of America
854,Terry Barker,1281791621-1057350315,09/01/2021 10:57,29.83,Home & Business Services,Ireland
855,Julia Cruz,1629179138-1730625133,11/03/2021 20:12,3.44,Sports & Outdoors,Gabon
856,Martha Frazier,1627611229-1718922359,10/03/2021 00:14,65.1,Health, Household & Baby Care,Slovenia
857,Barbara Rogers,1681682873-1900113455,11/01/2021 23:32,42.69,Home & Kitchen,Liberia
858,Diana Mckay,1042414386-1875938945,09/19/2021 00:44,76.27,Automotive Parts & Accessories,Honduras
859,Debra Michael,1502935835-1016435380,10/22/2021 09:17,56.29,Baby,Algeria
860,Amanda Fields,1769512814-1843849277,11/14/2021 15:26,72.9,Tools & Home Improvement,Kenya
861,Kimberly Greer,1072175545-1941710837,09/10/2021 19:18,75.16,Clothing, Shoes & Jewelry,Jordan
862,Timothy Cano,1933979575-1682500793,09/26/2021 11:05,66.52,Clothing, Shoes & Jewelry,Barbados
863,Laura Reyes,1814288265-1675001244,09/13/2021 07:27,19.86,Arts, Crafts & Sewing,Uzbekistan
864,Ann Sawyer,1179219659-1127517802,09/07/2021 09:08,56.12,Home & Business Services,Morocco
865,Terry Villanueva,1428671833-1682146416,11/03/2021 08:33,8.71,Toys & Games,Armenia
866,Christian Branch,1086028840-1523701596,08/24/2021 07:26,39.72,Home & Business Services,Uzbekistan
867,Peter Roman,1892481925-1427669642,11/11/2021 23:11,80.64,Health, Household & Baby Care,Micronesia
868,Isabella Liu,1314569530-1104279023,09/02/2021 19:32,13.22,Health, Household & Baby Care,Italy
869,Sarah Hampton,1869254257-1869885340,08/26/2021 14:33,65.55,Automotive Parts & Accessories,Malawi
870,Douglas Pope,1269432092-1899103434,10/03/2021 18:55,0.11,Office Products,Mali
871,Rebecca Flowers,1108167596-1919165922,08/18/2021 01:25,98.17,Beauty & Personal Care,Poland
872,Olivia Ford,1855556229-1810441907,09/01/2021 22:22,2.26,Pet Supplies,Libya
873,Carol Aguilar,1522361334-1451820708,08/14/2021 23:54,41.55,Home & Kitchen,Denmark
874,Angela Daugherty,1498505025-1962801250,10/26/2021 13:39,95,Baby,Maldives
875,Brittany Hale,1874141917-1148067763,08/19/2021 13:23,45.9,Beauty & Personal Care,Malaysia
876,Jeffrey Hahn,1392629165-1500130405,09/24/2021 11:52,65.63,Electronics,Brunei
877,Charlotte Holt,1312238928-1785064680,09/20/2021 10:03,89.27,Beauty & Personal Care,Denmark
878,Dorothy Conway,1054695085-1246566595,08/21/2021 00:42,37.43,Clothing, Shoes & Jewelry,Saint Lucia
879,Betty Mcpherson,1274431334-1811415347,08/13/2021 01:55,99.83,Garden & Outdoor,Paraguay
880,Logan Salazar,1968505935-1610290743,11/10/2021 11:51,8.91,Grocery & Gourmet Food,Samoa
881,Sandra Berger,1857775606-1362256687,09/07/2021 05:59,14.61,Books,Seychelles
882,Stephanie Ramirez,1092238318-1016870040,09/26/2021 22:07,50.08,Automotive Parts & Accessories,Solomon Islands
883,Hannah Castro,1467401826-1423185717,08/09/2021 02:17,44.44,Books,Afghanistan
884,Larry Pennington,1801150280-1779389122,08/09/2021 10:14,91.21,Beauty & Personal Care,Eritrea
885,Brian Foley,1369159847-1397825965,09/25/2021 13:24,95.16,Sports & Outdoors,Zimbabwe
886,Kevin Sherman,1256472169-1435647118,08/25/2021 13:44,43.46,Electronics,Portugal
887,Lawrence Juarez,1964121101-1783943627,09/04/2021 04:03,31.29,Appliances,Nepal
888,William Mcgee,1389980678-1171923509,08/31/2021 13:26,6.96,Arts, Crafts & Sewing,Austria
889,Julia Perez,1334743133-1713178942,08/29/2021 23:02,36.55,Musical Instruments,South Korea
890,Sophia Harris,1541259358-1804990948,10/31/2021 19:02,58.52,Musical Instruments,Iran
891,Shirley Hayes,1927792260-1671376011,09/06/2021 11:44,8.46,CDs & Vinyl,Guinea
892,Angela Peck,1525017847-1349450207,09/18/2021 20:46,25.1,Toys & Games,Ecuador
893,James Snyder,1358876547-1999692588,09/07/2021 04:33,58.5,Sports & Outdoors,Nigeria
894,Michael Sanchez,1408565059-1782667505,11/10/2021 03:10,66.34,CDs & Vinyl,Austria
895,Kayla Bullock,1698908728-1090231998,09/09/2021 01:11,19.18,Tools & Home Improvement,Uganda
896,Alexander Franco,1583414210-1496522356,09/01/2021 05:05,92.81,Office Products,Senegal
897,Brittany Wolfe,1065096518-1641404765,08/15/2021 05:13,74.23,Appliances,Rwanda
898,Douglas Lane,1254206236-1232449600,08/16/2021 02:07,26.87,Arts, Crafts & Sewing,Netherlands
899,Jeremy Matthews,1361694534-1543258992,09/20/2021 08:36,91.2,Office Products,Gabon
900,William Winters,1695167027-1623659199,10/21/2021 00:12,5.75,Sports & Outdoors,Venezuela
901,Jacob Cummings,1910357777-1008040550,09/06/2021 16:32,35.1,Pet Supplies,Burundi
902,Ashley Ayala,1617333518-1742474264,08/17/2021 07:41,52.18,Sports & Outdoors,Romania
903,Mark Cuevas,1721112108-1516011878,08/23/2021 17:09,63.05,Grocery & Gourmet Food,Uganda
904,Brittany Calderon,1113983423-1908629804,09/18/2021 04:39,35.37,Baby,Timor-Leste
905,Martha Macdonald,1336086699-1688599007,10/05/2021 21:42,95.26,Pet Supplies,Botswana
906,Christine Richardson,1987263188-1364696139,09/18/2021 20:39,39.44,Health, Household & Baby Care,Guatemala
907,Nicholas Clements,1384159164-1155896846,08/31/2021 01:27,70.87,Home & Business Services,Togo
908,Ryan Whitaker,1682633169-1326632243,10/29/2021 19:28,3.26,Arts, Crafts & Sewing,Antigua and Barbuda
909,Kenneth Cunningham,1920533620-1887597738,10/17/2021 07:10,74.93,Office Products,Venezuela
910,Christian Nixon,1193265515-1931248197,08/23/2021 19:20,18.02,Home & Business Services,Algeria
911,Judy Maddox,1807588382-1114213553,10/18/2021 09:24,66.06,Home & Kitchen,Nigeria
912,Scott Bernal,1293212361-1950144950,09/29/2021 14:06,49.66,Health, Household & Baby Care,Hungary
913,Gloria Morton,1380440490-1239039011,09/07/2021 18:14,75.14,Baby,Switzerland
914,Elijah Goodwin,1119351972-1142322134,10/28/2021 17:53,80.63,Books,Israel
915,Emily Cunningham,1557307894-1455610703,08/27/2021 00:21,24.31,Baby,Dominica
916,Eugene Hayden,1325565330-1345173427,10/07/2021 08:48,56.85,Arts, Crafts & Sewing,Democratic Republic of the Congo
917,Willie Sparks,1181354960-1738700259,08/18/2021 20:48,15.09,Tools & Home Improvement,Tunisia
918,Virginia Cline,1908648972-1644072652,11/14/2021 05:45,92.48,Arts, Crafts & Sewing,Central African Republic
919,Gabriel Stephens,1290700975-1549561572,09/05/2021 18:58,77.42,Electronics,Montenegro
920,Carolyn Wright,1390533364-1055181461,08/12/2021 22:00,81.86,Appliances,Mozambique
921,Betty Wells,1482021138-1777508953,10/28/2021 22:44,68.15,Tools & Home Improvement,Mexico
922,Harold Butler,1145235948-1226773054,09/28/2021 20:27,63.18,Garden & Outdoor,Grenada
923,David Freeman,1418543591-1726328606,10/31/2021 08:17,85.34,Video Games,Liberia
924,Pamela Chandler,1364054085-1277152733,08/14/2021 00:57,51.32,Tools & Home Improvement,Lesotho
925,Arthur Owens,1456660647-1624606957,10/28/2021 08:37,16.38,Cell Phones & Accessories,Iraq
926,Sandra Little,1791025880-1410423100,09/19/2021 18:55,75.57,Books,Jamaica
927,Amanda Hill,1992052307-1914461512,08/21/2021 03:06,86.8,Grocery & Gourmet Food,Kyrgyzstan
928,Nathan Garcia,1265326426-1887666945,09/04/2021 09:01,79.39,Baby,Bosnia and Herzegovina
929,Jessica Rowland,1283418513-1399047379,10/06/2021 17:22,95.36,Automotive Parts & Accessories,Nauru
930,Katherine Pierce,1901031266-1327519482,10/12/2021 14:39,54.22,Toys & Games,Guinea
931,Heather Enriquez,1885195535-1564049524,09/03/2021 15:54,90.33,Industrial & Scientific,Mongolia
932,Anna Ramsey,1219475434-1619906875,10/12/2021 07:52,59.3,Musical Instruments,Guinea
933,Jennifer Ortiz,1162735821-1076732572,09/10/2021 07:51,93.78,Automotive Parts & Accessories,Antigua and Barbuda
934,Jessica David,1040078660-1699757139,08/29/2021 09:20,71.93,Musical Instruments,Liberia
935,Shirley Andrade,1273764229-1294180531,09/27/2021 13:56,28.11,Pet Supplies,Sierra Leone
936,Isabella Boyd,1031226919-1686647945,10/29/2021 08:38,80.84,Arts, Crafts & Sewing,South Africa
937,Alice Hogan,1364826667-1897888031,09/10/2021 07:45,51.97,Automotive Parts & Accessories,Czechia (Czech Republic)
938,Cheryl Carr,1929770410-1995209971,10/03/2021 16:19,86.85,Office Products,Kyrgyzstan
939,Kimberly Cantu,1962324535-1363514464,11/13/2021 15:36,35.34,Electronics,Tuvalu
940,Linda Bridges,1832107894-1128035154,08/25/2021 02:38,37.59,Automotive Parts & Accessories,Turkey
941,Deborah Fuller,1461055514-1721202229,09/04/2021 05:10,3.61,Automotive Parts & Accessories,Namibia
942,Tyler Chambers,1224955156-1183698394,09/30/2021 18:48,0.14,Cell Phones & Accessories,Mauritania
943,Janice Cordova,1002751438-1185599305,09/19/2021 00:26,80.17,Arts, Crafts & Sewing,Uruguay
944,Gary Clark,1246567707-1303320965,11/12/2021 01:36,24.11,Cell Phones & Accessories,Holy See
945,Rebecca Oneal,1098579151-1191223299,10/25/2021 09:22,64.84,Home & Kitchen,Italy
946,Amy Alvarez,1499189391-1860108910,09/23/2021 20:27,27.55,Clothing, Shoes & Jewelry,Italy
947,Jason Armstrong,1879650932-1228150460,08/18/2021 11:45,92.16,Automotive Parts & Accessories,Benin
948,Jason Moore,1370166383-1147831951,09/02/2021 04:13,81.15,Beauty & Personal Care,Antigua and Barbuda
949,Diana Hubbard,1142777158-1064755969,08/19/2021 13:12,38.65,Grocery & Gourmet Food,Yemen
950,Joyce Mcdaniel,1102861048-1418421571,11/08/2021 14:31,87.04,Garden & Outdoor,Colombia
951,Peter Ferguson,1510954725-1641230442,08/27/2021 10:00,35.14,Grocery & Gourmet Food,Saudi Arabia
952,Kevin Duncan,1312241269-1668797097,10/07/2021 20:07,81.49,Garden & Outdoor,Singapore
953,Noah Blevins,1149804726-1786054294,10/30/2021 10:09,95.17,Clothing, Shoes & Jewelry,Turkmenistan
954,Donald Enriquez,1520797942-1775508751,09/11/2021 10:35,50.15,Arts, Crafts & Sewing,Zambia
955,Tyler Mckee,1276803508-1560707658,09/25/2021 11:12,43.41,CDs & Vinyl,Malawi
956,David Sharp,1531877886-1385003472,11/12/2021 15:27,72.49,Books,Russia
957,Eugene Henson,1276357214-1273472745,10/03/2021 16:47,53.67,Industrial & Scientific,Bosnia and Herzegovina
958,James Norris,1563143991-1559181068,08/10/2021 21:25,58.91,Industrial & Scientific,Kenya
959,Adam Owens,1924452691-1670277888,08/21/2021 11:36,13.58,Industrial & Scientific,Lesotho
960,Ruth Cuevas,1038715985-1524178370,09/17/2021 17:49,0.34,Cell Phones & Accessories,Saint Lucia
961,Edward Dillon,1432548892-1681342058,10/26/2021 00:53,97.26,Arts, Crafts & Sewing,Grenada
962,Albert Lin,1459300257-1323265638,09/24/2021 19:53,60.61,Tools & Home Improvement,Armenia
963,Jordan Lin,1792469408-1211579244,08/16/2021 01:39,3.9,Sports & Outdoors,Côte d'Ivoire
964,Brittany Kennedy,1467816226-1582624315,10/08/2021 17:00,24.31,Sports & Outdoors,Niger
965,Randy Pham,1722069030-1342617818,09/21/2021 03:46,71.54,Garden & Outdoor,Lesotho
966,James Rivers,1606146293-1719769266,10/16/2021 21:31,22.1,Pet Supplies,Niger
967,Heather Davila,1006666042-1268323217,11/13/2021 22:30,87.66,Health, Household & Baby Care,Bulgaria
968,Danielle Mathews,1149373398-1027960367,09/23/2021 15:39,44.99,Pet Supplies,Ukraine
969,Kathleen Villarreal,1037858839-1069153398,09/26/2021 20:01,74.8,Clothing, Shoes & Jewelry,Paraguay
970,Nathan Winters,1489149934-1682225758,10/19/2021 19:35,45.38,Toys & Games,South Sudan
971,Keith Proctor,1772610561-1338337341,10/21/2021 19:34,57.82,Grocery & Gourmet Food,Ireland
972,Justin Calderon,1570012376-1207634427,09/15/2021 02:58,93.75,Industrial & Scientific,Bhutan
973,Virginia Fields,1601139429-1177652260,10/11/2021 17:37,46.72,Baby,Somalia
974,Heather Lowery,1129781691-1674947518,09/03/2021 19:09,69.95,Cell Phones & Accessories,Uzbekistan
975,Judith Calhoun,1562509781-1855443374,09/20/2021 07:48,28.15,Tools & Home Improvement,Kiribati
976,Christopher Shepard,1689069191-1032195694,10/04/2021 13:15,59.49,Pet Supplies,Malta
977,Charlotte Huang,1826499600-1386914443,11/15/2021 06:06,89.5,Tools & Home Improvement,Antigua and Barbuda
978,Russell Farley,1126361340-1961776101,11/12/2021 10:48,74.57,Office Products,Iceland
979,Carol Vargas,1413068586-1869698583,10/31/2021 16:47,9.76,Baby,Central African Republic
980,Dennis Guevara,1715380905-1355596502,09/22/2021 07:26,17.56,CDs & Vinyl,Germany
981,Jacqueline Jennings,1808849652-1156183431,10/06/2021 06:39,72.73,Tools & Home Improvement,Haiti
982,Charlotte Schwartz,1989087116-1836638671,08/17/2021 10:27,95.68,Musical Instruments,Bangladesh
983,Patrick Crawford,1650070200-1727404551,08/10/2021 08:23,77.07,CDs & Vinyl,Syria
984,Bruce Enriquez,1905578500-1259410493,08/17/2021 08:42,25.69,Office Products,Belgium
985,Randy Delarosa,1113641046-1900729284,11/14/2021 16:43,87.87,Office Products,Marshall Islands
986,Juan Saunders,1945505570-1684844349,10/07/2021 03:21,8.15,Video Games,Palau
987,Jonathan Le,1319531052-1147415050,08/18/2021 21:54,72.97,Video Games,Nigeria
988,Denise Mccullough,1500857079-1320773356,09/06/2021 02:19,74.93,Musical Instruments,Guinea
989,Christine Ford,1334691451-1932290317,10/23/2021 18:55,22.08,Grocery & Gourmet Food,Singapore
990,Ann Pineda,1083289220-1179327488,10/12/2021 17:50,96.62,Office Products,Eritrea
991,Robert Miles,1955006831-1681231202,09/02/2021 06:53,62.47,Automotive Parts & Accessories,Namibia
992,Natalie Garcia,1368735230-1037069662,09/28/2021 18:45,38.73,Video Games,Vanuatu
993,Julia Alexander,1870423312-1370920607,10/16/2021 01:47,32.15,Appliances,Ukraine
994,Charlotte Blanchard,1741059317-1345036504,10/02/2021 07:14,65.34,Clothing, Shoes & Jewelry,Seychelles
995,Jonathan Smith,1249463756-1853675851,08/13/2021 01:10,4.63,Video Games,Luxembourg
996,Emma Shah,1058454028-1890582817,08/22/2021 18:20,58.41,Appliances,Spain
997,Arthur Hopkins,1644675895-1051807163,08/23/2021 17:50,2.37,Books,Sudan
998,Kimberly Fowler,1213374250-1907066825,09/25/2021 13:23,1.68,CDs & Vinyl,North Macedonia
999,Willie Randolph,1623688140-1407771998,10/04/2021 04:20,85.04,Baby,Czechia (Czech Republic)
1000,Bobby Russo,1283670849-1852441179,11/12/2021 18:12,19.77,Office Products,Ecuador
